1448027711,rat,1020,has,been,spawned,at,point:,16,206,,
1448027711,rat,1021,has,been,spawned,at,point:,15,209,,
1448027711,rat,1022,has,been,spawned,at,point:,22,213,,
1448027711,rat,1023,has,been,spawned,at,point:,17,213,,
1448027711,rat,1024,has,been,spawned,at,point:,20,210,,
1448027711,rat,1025,has,been,spawned,at,point:,10,213,,
1448027711,rat,1026,has,been,spawned,at,point:,24,206,,
1448027711,rat,1027,has,been,spawned,at,point:,11,208,,
1448027711,rat,1028,has,been,spawned,at,point:,23,213,,
1448027711,rat,1029,has,been,spawned,at,point:,16,212,,
1448027711,rat,10210,has,been,spawned,at,point:,13,208,,
1448027711,rat,10211,has,been,spawned,at,point:,13,211,,
1448027711,rat,10212,has,been,spawned,at,point:,11,210,,
1448027711,rat,10213,has,been,spawned,at,point:,22,211,,
1448027711,rat,10214,has,been,spawned,at,point:,18,214,,
1448027711,rat,10215,has,been,spawned,at,point:,20,214,,
1448027711,rat,10216,has,been,spawned,at,point:,21,208,,
1448027711,rat,10217,has,been,spawned,at,point:,18,207,,
1448027711,rat,10218,has,been,spawned,at,point:,18,211,,
1448027711,rat,10219,has,been,spawned,at,point:,13,208,,
1448027711,rat,10220,has,been,spawned,at,point:,22,214,,
1448027711,rat,10221,has,been,spawned,at,point:,18,207,,
1448027711,rat,10222,has,been,spawned,at,point:,24,213,,
1448027711,rat,10223,has,been,spawned,at,point:,22,206,,
1448027711,rat,10224,has,been,spawned,at,point:,22,210,,
1448027711,rat,10225,has,been,spawned,at,point:,12,210,,
1448027711,rat,10226,has,been,spawned,at,point:,17,212,,
1448027711,rat,10227,has,been,spawned,at,point:,20,211,,
1448027711,rat,10228,has,been,spawned,at,point:,24,209,,
1448027711,rat,10229,has,been,spawned,at,point:,14,206,,
1448027711,rat,10230,has,been,spawned,at,point:,14,212,,
1448027711,rat,10231,has,been,spawned,at,point:,18,211,,
1448027711,rat,10232,has,been,spawned,at,point:,15,207,,
1448027711,goblin,1540,has,been,spawned,at,point:,56,270,,
1448027711,goblin,1541,has,been,spawned,at,point:,52,270,,
1448027711,goblin,1542,has,been,spawned,at,point:,52,276,,
1448027711,goblin,1543,has,been,spawned,at,point:,48,271,,
1448027711,goblin,1544,has,been,spawned,at,point:,50,271,,
1448027711,goblin,1545,has,been,spawned,at,point:,55,271,,
1448027711,goblin,1546,has,been,spawned,at,point:,47,270,,
1448027711,goblin,1547,has,been,spawned,at,point:,53,272,,
1448027711,goblin,1548,has,been,spawned,at,point:,49,276,,
1448027711,goblin,1549,has,been,spawned,at,point:,56,270,,
1448027711,goblin,15410,has,been,spawned,at,point:,47,270,,
1448027711,goblin,15411,has,been,spawned,at,point:,56,274,,
1448027711,goblin,15412,has,been,spawned,at,point:,52,273,,
1448027711,goblin,15413,has,been,spawned,at,point:,47,272,,
1448027711,goblin,15414,has,been,spawned,at,point:,48,276,,
1448027711,goblin,15415,has,been,spawned,at,point:,52,276,,
1448027711,goblin,15416,has,been,spawned,at,point:,49,273,,
1448027711,goblin,15417,has,been,spawned,at,point:,53,276,,
1448027711,goblin,15418,has,been,spawned,at,point:,52,271,,
1448027711,goblin,15419,has,been,spawned,at,point:,53,271,,
1448027711,goblin,1640,has,been,spawned,at,point:,50,261,,
1448027711,goblin,1641,has,been,spawned,at,point:,56,261,,
1448027711,goblin,1642,has,been,spawned,at,point:,51,263,,
1448027711,goblin,1643,has,been,spawned,at,point:,55,261,,
1448027711,goblin,1644,has,been,spawned,at,point:,49,263,,
1448027711,goblin,1645,has,been,spawned,at,point:,54,261,,
1448027711,goblin,1646,has,been,spawned,at,point:,54,263,,
1448027711,goblin,1647,has,been,spawned,at,point:,53,258,,
1448027711,goblin,1648,has,been,spawned,at,point:,52,261,,
1448027711,goblin,1649,has,been,spawned,at,point:,56,258,,
1448027711,goblin,16410,has,been,spawned,at,point:,53,263,,
1448027711,goblin,16411,has,been,spawned,at,point:,50,262,,
1448027711,goblin,16412,has,been,spawned,at,point:,53,259,,
1448027711,goblin,16413,has,been,spawned,at,point:,50,263,,
1448027711,goblin,16414,has,been,spawned,at,point:,54,260,,
1448027711,goblin,16415,has,been,spawned,at,point:,49,262,,
1448027711,goblin,16416,has,been,spawned,at,point:,50,262,,
1448027711,goblin,16417,has,been,spawned,at,point:,54,263,,
1448027711,goblin,16418,has,been,spawned,at,point:,51,259,,
1448027711,goblin,16419,has,been,spawned,at,point:,53,261,,
1448027711,rat,1720,has,been,spawned,at,point:,15,251,,
1448027711,rat,1721,has,been,spawned,at,point:,8,250,,
1448027711,rat,1722,has,been,spawned,at,point:,7,248,,
1448027711,rat,1723,has,been,spawned,at,point:,13,247,,
1448027711,rat,1724,has,been,spawned,at,point:,6,247,,
1448027711,rat,1725,has,been,spawned,at,point:,12,251,,
1448027711,rat,1726,has,been,spawned,at,point:,15,245,,
1448027711,rat,1727,has,been,spawned,at,point:,12,246,,
1448027711,rat,1728,has,been,spawned,at,point:,10,246,,
1448027711,rat,1729,has,been,spawned,at,point:,13,250,,
1448027711,rat,17210,has,been,spawned,at,point:,11,252,,
1448027711,rat,17211,has,been,spawned,at,point:,9,251,,
1448027711,rat,17212,has,been,spawned,at,point:,6,248,,
1448027711,rat,17213,has,been,spawned,at,point:,15,250,,
1448027711,rat,17214,has,been,spawned,at,point:,14,249,,
1448027711,rat,17215,has,been,spawned,at,point:,11,249,,
1448027711,rat,17216,has,been,spawned,at,point:,9,249,,
1448027711,rat,17217,has,been,spawned,at,point:,6,251,,
1448027711,rat,17218,has,been,spawned,at,point:,15,246,,
1448027711,rat,17219,has,been,spawned,at,point:,9,248,,
1448027711,rat,17220,has,been,spawned,at,point:,15,244,,
1448027711,rat,17221,has,been,spawned,at,point:,6,247,,
1448027711,rat,17222,has,been,spawned,at,point:,9,244,,
1448027711,rat,17223,has,been,spawned,at,point:,11,252,,
1448027711,rat,17224,has,been,spawned,at,point:,13,245,,
1448027711,rat,17225,has,been,spawned,at,point:,13,244,,
1448027711,rat,17226,has,been,spawned,at,point:,7,243,,
1448027711,rat,17227,has,been,spawned,at,point:,15,251,,
1448027711,rat,17228,has,been,spawned,at,point:,13,251,,
1448027711,rat,17229,has,been,spawned,at,point:,13,250,,
1448027711,rat,17230,has,been,spawned,at,point:,9,249,,
1448027711,rat,17231,has,been,spawned,at,point:,14,249,,
1448027711,rat,17232,has,been,spawned,at,point:,13,244,,
1448027711,rat,1820,has,been,spawned,at,point:,73,228,,
1448027711,rat,1821,has,been,spawned,at,point:,74,223,,
1448027711,rat,1822,has,been,spawned,at,point:,72,221,,
1448027711,rat,1823,has,been,spawned,at,point:,68,227,,
1448027711,rat,1824,has,been,spawned,at,point:,72,226,,
1448027711,rat,1825,has,been,spawned,at,point:,69,224,,
1448027711,rat,1826,has,been,spawned,at,point:,67,225,,
1448027711,rat,1827,has,been,spawned,at,point:,70,226,,
1448027711,rat,1828,has,been,spawned,at,point:,66,221,,
1448027711,rat,1829,has,been,spawned,at,point:,71,224,,
1448027711,rat,18210,has,been,spawned,at,point:,68,223,,
1448027711,rat,18211,has,been,spawned,at,point:,75,222,,
1448027711,rat,18212,has,been,spawned,at,point:,72,225,,
1448027711,rat,18213,has,been,spawned,at,point:,67,226,,
1448027711,rat,18214,has,been,spawned,at,point:,76,228,,
1448027711,rat,18215,has,been,spawned,at,point:,73,222,,
1448027711,rat,18216,has,been,spawned,at,point:,74,227,,
1448027711,rat,18217,has,been,spawned,at,point:,70,226,,
1448027711,rat,18218,has,been,spawned,at,point:,71,228,,
1448027711,rat,18219,has,been,spawned,at,point:,69,221,,
1448027711,rat,18220,has,been,spawned,at,point:,76,225,,
1448027711,rat,18221,has,been,spawned,at,point:,72,224,,
1448027711,rat,18222,has,been,spawned,at,point:,73,227,,
1448027711,rat,18223,has,been,spawned,at,point:,74,224,,
1448027711,rat,18224,has,been,spawned,at,point:,73,222,,
1448027711,rat,18225,has,been,spawned,at,point:,74,228,,
1448027711,rat,18226,has,been,spawned,at,point:,70,222,,
1448027711,rat,18227,has,been,spawned,at,point:,66,221,,
1448027711,rat,18228,has,been,spawned,at,point:,68,228,,
1448027711,rat,18229,has,been,spawned,at,point:,74,223,,
1448027711,rat,18230,has,been,spawned,at,point:,71,223,,
1448027711,rat,18231,has,been,spawned,at,point:,69,223,,
1448027711,rat,18232,has,been,spawned,at,point:,73,227,,
1448027729,rat,10233,has,been,spawned,at,point:,22,207,,
1448027729,rat,10234,has,been,spawned,at,point:,14,209,,
1448027729,rat,10235,has,been,spawned,at,point:,18,206,,
1448027729,rat,10236,has,been,spawned,at,point:,13,206,,
1448027729,rat,10237,has,been,spawned,at,point:,16,212,,
1448027729,rat,10238,has,been,spawned,at,point:,23,210,,
1448027729,rat,10239,has,been,spawned,at,point:,19,214,,
1448027729,goblin,15420,has,been,spawned,at,point:,48,271,,
1448027729,goblin,15421,has,been,spawned,at,point:,56,272,,
1448027729,goblin,15422,has,been,spawned,at,point:,53,270,,
1448027729,goblin,15423,has,been,spawned,at,point:,54,272,,
1448027729,goblin,15424,has,been,spawned,at,point:,51,272,,
1448027729,goblin,16420,has,been,spawned,at,point:,52,260,,
1448027729,goblin,16421,has,been,spawned,at,point:,49,262,,
1448027729,goblin,16422,has,been,spawned,at,point:,49,260,,
1448027729,goblin,16423,has,been,spawned,at,point:,50,260,,
1448027729,goblin,16424,has,been,spawned,at,point:,51,259,,
1448027729,goblin,16425,has,been,spawned,at,point:,51,259,,
1448027729,rat,17233,has,been,spawned,at,point:,15,247,,
1448027729,rat,17234,has,been,spawned,at,point:,13,244,,
1448027729,rat,17235,has,been,spawned,at,point:,9,248,,
1448027729,rat,17236,has,been,spawned,at,point:,10,251,,
1448027729,rat,17237,has,been,spawned,at,point:,8,246,,
1448027729,rat,17238,has,been,spawned,at,point:,11,247,,
1448027729,rat,17239,has,been,spawned,at,point:,9,250,,
1448027729,rat,18233,has,been,spawned,at,point:,70,224,,
1448027729,rat,18234,has,been,spawned,at,point:,75,225,,
1448027729,rat,18235,has,been,spawned,at,point:,66,227,,
1448027729,rat,18236,has,been,spawned,at,point:,72,223,,
1448027729,rat,18237,has,been,spawned,at,point:,70,224,,
1448027729,rat,18238,has,been,spawned,at,point:,69,223,,
1448027729,rat,18239,has,been,spawned,at,point:,76,226,,
1448027740,rat,10240,has,been,spawned,at,point:,15,211,,
1448027740,rat,10241,has,been,spawned,at,point:,23,208,,
1448027740,rat,10242,has,been,spawned,at,point:,16,213,,
1448027740,rat,10243,has,been,spawned,at,point:,11,210,,
1448027740,rat,10244,has,been,spawned,at,point:,21,206,,
1448027740,rat,10245,has,been,spawned,at,point:,15,206,,
1448027740,rat,10246,has,been,spawned,at,point:,19,208,,
1448027740,rat,10247,has,been,spawned,at,point:,20,211,,
1448027740,rat,10248,has,been,spawned,at,point:,18,206,,
1448027740,rat,10249,has,been,spawned,at,point:,21,213,,
1448027740,rat,10250,has,been,spawned,at,point:,12,209,,
1448027740,rat,10251,has,been,spawned,at,point:,19,206,,
1448027740,rat,10252,has,been,spawned,at,point:,19,213,,
1448027740,rat,10253,has,been,spawned,at,point:,24,213,,
1448027740,rat,10254,has,been,spawned,at,point:,22,210,,
1448027740,rat,10255,has,been,spawned,at,point:,24,207,,
1448027740,rat,10256,has,been,spawned,at,point:,18,212,,
1448027740,rat,10257,has,been,spawned,at,point:,12,211,,
1448027740,rat,10258,has,been,spawned,at,point:,18,210,,
1448027740,goblin,15425,has,been,spawned,at,point:,55,271,,
1448027740,goblin,15426,has,been,spawned,at,point:,52,272,,
1448027740,goblin,15427,has,been,spawned,at,point:,55,271,,
1448027740,goblin,15428,has,been,spawned,at,point:,47,271,,
1448027740,goblin,15429,has,been,spawned,at,point:,51,270,,
1448027740,goblin,15430,has,been,spawned,at,point:,55,271,,
1448027740,goblin,15431,has,been,spawned,at,point:,47,271,,
1448027740,goblin,16426,has,been,spawned,at,point:,51,260,,
1448027740,goblin,16427,has,been,spawned,at,point:,54,263,,
1448027740,goblin,16428,has,been,spawned,at,point:,55,262,,
1448027740,goblin,16429,has,been,spawned,at,point:,53,258,,
1448027740,goblin,16430,has,been,spawned,at,point:,55,259,,
1448027740,goblin,16431,has,been,spawned,at,point:,53,261,,
1448027740,goblin,16432,has,been,spawned,at,point:,56,260,,
1448027740,goblin,16433,has,been,spawned,at,point:,55,258,,
1448027740,goblin,16434,has,been,spawned,at,point:,52,262,,
1448027740,goblin,16435,has,been,spawned,at,point:,53,260,,
1448027740,goblin,16436,has,been,spawned,at,point:,55,262,,
1448027740,goblin,16437,has,been,spawned,at,point:,52,260,,
1448027740,goblin,16438,has,been,spawned,at,point:,56,258,,
1448027740,goblin,16439,has,been,spawned,at,point:,50,262,,
1448027740,rat,17240,has,been,spawned,at,point:,6,249,,
1448027740,rat,17241,has,been,spawned,at,point:,6,244,,
1448027740,rat,17242,has,been,spawned,at,point:,6,244,,
1448027740,rat,17243,has,been,spawned,at,point:,10,252,,
1448027740,rat,17244,has,been,spawned,at,point:,15,245,,
1448027740,rat,17245,has,been,spawned,at,point:,8,250,,
1448027740,rat,17246,has,been,spawned,at,point:,9,247,,
1448027740,rat,17247,has,been,spawned,at,point:,9,249,,
1448027740,rat,17248,has,been,spawned,at,point:,11,244,,
1448027740,rat,17249,has,been,spawned,at,point:,10,252,,
1448027740,rat,17250,has,been,spawned,at,point:,15,244,,
1448027741,rat,18240,has,been,spawned,at,point:,72,226,,
1448027741,rat,18241,has,been,spawned,at,point:,76,225,,
1448027741,rat,18242,has,been,spawned,at,point:,66,223,,
1448027741,rat,18243,has,been,spawned,at,point:,71,224,,
1448027741,rat,18244,has,been,spawned,at,point:,73,221,,
1448027741,rat,18245,has,been,spawned,at,point:,68,225,,
1448027741,rat,18246,has,been,spawned,at,point:,66,223,,
1448027741,rat,18247,has,been,spawned,at,point:,72,221,,
1448027741,rat,18248,has,been,spawned,at,point:,66,221,,
1448027741,rat,18249,has,been,spawned,at,point:,66,221,,
1448027741,rat,18250,has,been,spawned,at,point:,74,225,,
1448027741,rat,18251,has,been,spawned,at,point:,71,224,,
1448027741,rat,18252,has,been,spawned,at,point:,72,228,,
1448027741,rat,18253,has,been,spawned,at,point:,75,226,,
1448027741,rat,18254,has,been,spawned,at,point:,69,226,,
1448027751,rat,10259,has,been,spawned,at,point:,18,208,,
1448027751,rat,10260,has,been,spawned,at,point:,11,209,,
1448027751,rat,10261,has,been,spawned,at,point:,14,208,,
1448027751,rat,10262,has,been,spawned,at,point:,23,212,,
1448027751,rat,10263,has,been,spawned,at,point:,24,206,,
1448027751,rat,10264,has,been,spawned,at,point:,13,210,,
1448027751,rat,10265,has,been,spawned,at,point:,17,208,,
1448027751,rat,10266,has,been,spawned,at,point:,11,213,,
1448027751,rat,10267,has,been,spawned,at,point:,16,208,,
1448027751,rat,10268,has,been,spawned,at,point:,10,207,,
1448027751,rat,10269,has,been,spawned,at,point:,16,213,,
1448027751,rat,10270,has,been,spawned,at,point:,24,214,,
1448027751,rat,10271,has,been,spawned,at,point:,22,214,,
1448027751,goblin,15432,has,been,spawned,at,point:,53,272,,
1448027751,goblin,15433,has,been,spawned,at,point:,55,276,,
1448027751,goblin,15434,has,been,spawned,at,point:,50,271,,
1448027751,goblin,15435,has,been,spawned,at,point:,51,274,,
1448027751,goblin,15436,has,been,spawned,at,point:,47,276,,
1448027751,goblin,15437,has,been,spawned,at,point:,52,275,,
1448027751,goblin,15438,has,been,spawned,at,point:,52,271,,
1448027751,goblin,15439,has,been,spawned,at,point:,56,270,,
1448027751,goblin,15440,has,been,spawned,at,point:,56,274,,
1448027751,goblin,15441,has,been,spawned,at,point:,52,274,,
1448027751,goblin,15442,has,been,spawned,at,point:,48,271,,
1448027751,goblin,15443,has,been,spawned,at,point:,50,274,,
1448027751,goblin,15444,has,been,spawned,at,point:,55,272,,
1448027751,goblin,15445,has,been,spawned,at,point:,53,275,,
1448027751,goblin,16440,has,been,spawned,at,point:,50,261,,
1448027751,goblin,16441,has,been,spawned,at,point:,50,260,,
1448027751,goblin,16442,has,been,spawned,at,point:,55,262,,
1448027751,goblin,16443,has,been,spawned,at,point:,52,258,,
1448027751,goblin,16444,has,been,spawned,at,point:,54,259,,
1448027751,goblin,16445,has,been,spawned,at,point:,54,263,,
1448027751,goblin,16446,has,been,spawned,at,point:,52,259,,
1448027751,goblin,16447,has,been,spawned,at,point:,50,260,,
1448027751,goblin,16448,has,been,spawned,at,point:,55,260,,
1448027752,goblin,16449,has,been,spawned,at,point:,51,261,,
1448027752,goblin,16450,has,been,spawned,at,point:,51,259,,
1448027752,goblin,16451,has,been,spawned,at,point:,50,262,,
1448027752,goblin,16452,has,been,spawned,at,point:,55,261,,
1448027752,goblin,16453,has,been,spawned,at,point:,55,261,,
1448027752,goblin,16454,has,been,spawned,at,point:,51,260,,
1448027752,goblin,16455,has,been,spawned,at,point:,53,263,,
1448027752,goblin,16456,has,been,spawned,at,point:,52,260,,
1448027752,rat,17251,has,been,spawned,at,point:,11,250,,
1448027752,rat,17252,has,been,spawned,at,point:,6,247,,
1448027752,rat,17253,has,been,spawned,at,point:,9,243,,
1448027752,rat,17254,has,been,spawned,at,point:,14,246,,
1448027752,rat,17255,has,been,spawned,at,point:,9,249,,
1448027752,rat,17256,has,been,spawned,at,point:,10,246,,
1448027752,rat,17257,has,been,spawned,at,point:,11,252,,
1448027752,rat,17258,has,been,spawned,at,point:,10,248,,
1448027752,rat,17259,has,been,spawned,at,point:,6,247,,
1448027752,rat,17260,has,been,spawned,at,point:,6,243,,
1448027752,rat,18255,has,been,spawned,at,point:,66,222,,
1448027752,rat,18256,has,been,spawned,at,point:,66,226,,
1448027752,rat,18257,has,been,spawned,at,point:,75,226,,
1448027752,rat,18258,has,been,spawned,at,point:,69,223,,
1448027752,rat,18259,has,been,spawned,at,point:,67,221,,
1448027752,rat,18260,has,been,spawned,at,point:,71,225,,
1448027752,rat,18261,has,been,spawned,at,point:,76,228,,
1448027752,rat,18262,has,been,spawned,at,point:,72,225,,
1448027752,rat,18263,has,been,spawned,at,point:,70,223,,
1448027752,rat,18264,has,been,spawned,at,point:,71,224,,
1448027752,rat,18265,has,been,spawned,at,point:,73,228,,
1448027752,rat,18266,has,been,spawned,at,point:,71,225,,
1448027752,rat,18267,has,been,spawned,at,point:,69,223,,
1448027752,rat,18268,has,been,spawned,at,point:,68,228,,
1448027752,rat,18269,has,been,spawned,at,point:,66,227,,
1448027752,rat,18270,has,been,spawned,at,point:,68,226,,
1448027752,rat,18271,has,been,spawned,at,point:,71,224,,
1448027752,rat,18272,has,been,spawned,at,point:,74,224,,
1448027752,rat,18273,has,been,spawned,at,point:,67,226,,
1448027752,rat,18274,has,been,spawned,at,point:,69,228,,
1448027752,rat,18275,has,been,spawned,at,point:,66,228,,
1448027752,rat,18276,has,been,spawned,at,point:,68,228,,
1448027752,rat,18277,has,been,spawned,at,point:,75,223,,
1448027752,rat,18278,has,been,spawned,at,point:,66,221,,
1448027752,rat,18279,has,been,spawned,at,point:,76,222,,
1448027754,rat,1023,has,died,of,old,age,at,point:22,227,
1448027754,rat,1024,has,died,of,old,age,at,point:45,228,
1448027754,rat,1026,has,died,of,old,age,at,point:47,223,
1448027754,rat,1028,has,died,of,old,age,at,point:12,207,
1448027754,rat,1029,has,died,of,old,age,at,point:14,208,
1448027754,rat,10213,has,died,of,old,age,at,point:22,211,
1448027754,rat,10218,has,died,of,old,age,at,point:21,208,
1448027754,rat,10219,has,died,of,old,age,at,point:36,228,
1448027754,rat,10221,has,died,of,old,age,at,point:39,208,
1448027754,rat,10223,has,died,of,old,age,at,point:22,206,
1448027754,rat,10230,has,died,of,old,age,at,point:50,218,
1448027754,rat,10231,has,died,of,old,age,at,point:16,229,
1448027754,rat,10232,has,died,of,old,age,at,point:11,207,
1448027754,goblin,1542,has,died,of,old,age,at,point:14,207,
1448027754,goblin,1545,has,died,of,old,age,at,point:40,218,
1448027754,goblin,1546,has,died,of,old,age,at,point:46,212,
1448027754,goblin,1548,has,died,of,old,age,at,point:48,207,
1448027754,goblin,15413,has,died,of,old,age,at,point:8,225,
1448027754,goblin,15414,has,died,of,old,age,at,point:48,214,
1448027754,goblin,1642,has,died,of,old,age,at,point:17,206,
1448027754,goblin,1643,has,died,of,old,age,at,point:14,214,
1448027754,goblin,1645,has,died,of,old,age,at,point:54,261,
1448027754,goblin,1646,has,died,of,old,age,at,point:51,227,
1448027754,goblin,16410,has,died,of,old,age,at,point:46,220,
1448027754,goblin,16411,has,died,of,old,age,at,point:23,209,
1448027754,goblin,16412,has,died,of,old,age,at,point:46,212,
1448027754,goblin,16415,has,died,of,old,age,at,point:33,227,
1448027754,goblin,16416,has,died,of,old,age,at,point:43,226,
1448027754,goblin,16418,has,died,of,old,age,at,point:23,207,
1448027754,goblin,16419,has,died,of,old,age,at,point:10,228,
1448027754,rat,1721,has,died,of,old,age,at,point:8,250,
1448027754,rat,1724,has,died,of,old,age,at,point:21,224,
1448027754,rat,1725,has,died,of,old,age,at,point:19,209,
1448027754,rat,1729,has,died,of,old,age,at,point:48,221,
1448027754,rat,17210,has,died,of,old,age,at,point:22,227,
1448027754,rat,17213,has,died,of,old,age,at,point:39,207,
1448027754,rat,17215,has,died,of,old,age,at,point:11,249,
1448027754,rat,17222,has,died,of,old,age,at,point:14,211,
1448027754,rat,17223,has,died,of,old,age,at,point:38,221,
1448027754,rat,17225,has,died,of,old,age,at,point:15,210,
1448027754,rat,17227,has,died,of,old,age,at,point:15,251,
1448027754,rat,17230,has,died,of,old,age,at,point:46,219,
1448027754,rat,17231,has,died,of,old,age,at,point:14,249,
1448027754,rat,17232,has,died,of,old,age,at,point:40,222,
1448027754,rat,1827,has,died,of,old,age,at,point:23,211,
1448027754,rat,1828,has,died,of,old,age,at,point:66,221,
1448027754,rat,18211,has,died,of,old,age,at,point:28,157,
1448027754,rat,18213,has,died,of,old,age,at,point:46,212,
1448027754,rat,18215,has,died,of,old,age,at,point:41,228,
1448027754,rat,18216,has,died,of,old,age,at,point:43,210,
1448027754,rat,18217,has,died,of,old,age,at,point:70,226,
1448027754,rat,18218,has,died,of,old,age,at,point:71,228,
1448027754,rat,18222,has,died,of,old,age,at,point:14,224,
1448027754,rat,18223,has,died,of,old,age,at,point:18,206,
1448027754,rat,18225,has,died,of,old,age,at,point:44,216,
1448027754,rat,18227,has,died,of,old,age,at,point:17,155,
1448027754,rat,18231,has,died,of,old,age,at,point:69,223,
1448027754,rat,1022,has,died,of,old,age,at,point:12,227,
1448027754,rat,1025,has,died,of,old,age,at,point:28,155,
1448027754,rat,1027,has,died,of,old,age,at,point:11,208,
1448027754,rat,10210,has,died,of,old,age,at,point:14,156,
1448027754,rat,10214,has,died,of,old,age,at,point:21,154,
1448027754,rat,10216,has,died,of,old,age,at,point:18,227,
1448027754,rat,10220,has,died,of,old,age,at,point:17,157,
1448027754,rat,10224,has,died,of,old,age,at,point:22,210,
1448027754,rat,10226,has,died,of,old,age,at,point:51,221,
1448027754,rat,10229,has,died,of,old,age,at,point:17,155,
1448027754,goblin,1540,has,died,of,old,age,at,point:22,155,
1448027754,goblin,1541,has,died,of,old,age,at,point:20,154,
1448027754,goblin,1544,has,died,of,old,age,at,point:10,209,
1448027754,goblin,1547,has,died,of,old,age,at,point:47,225,
1448027754,goblin,1549,has,died,of,old,age,at,point:21,223,
1448027754,goblin,15416,has,died,of,old,age,at,point:46,206,
1448027754,goblin,15418,has,died,of,old,age,at,point:7,229,
1448027754,rat,1722,has,died,of,old,age,at,point:7,248,
1448027754,rat,1723,has,died,of,old,age,at,point:39,214,
1448027754,rat,1726,has,died,of,old,age,at,point:20,157,
1448027755,rat,1727,has,died,of,old,age,at,point:10,209,
1448027755,rat,17211,has,died,of,old,age,at,point:9,251,
1448027755,rat,17214,has,died,of,old,age,at,point:50,220,
1448027755,rat,17216,has,died,of,old,age,at,point:43,214,
1448027755,rat,17218,has,died,of,old,age,at,point:16,228,
1448027755,rat,17219,has,died,of,old,age,at,point:13,213,
1448027755,rat,17221,has,died,of,old,age,at,point:12,206,
1448027755,rat,1822,has,died,of,old,age,at,point:23,153,
1448027755,rat,18214,has,died,of,old,age,at,point:15,228,
1448027755,rat,18219,has,died,of,old,age,at,point:12,206,
1448027755,rat,18220,has,died,of,old,age,at,point:49,225,
1448027755,rat,18221,has,died,of,old,age,at,point:46,210,
1448027755,rat,18224,has,died,of,old,age,at,point:45,208,
1448027755,rat,18232,has,died,of,old,age,at,point:39,214,
1448027755,rat,10212,has,died,of,old,age,at,point:37,226,
1448027755,rat,10217,has,died,of,old,age,at,point:18,207,
1448027755,goblin,15410,has,died,of,old,age,at,point:24,213,
1448027755,goblin,15419,has,died,of,old,age,at,point:47,211,
1448027755,goblin,16414,has,died,of,old,age,at,point:11,208,
1448027755,rat,17212,has,died,of,old,age,at,point:52,225,
1448027755,rat,17229,has,died,of,old,age,at,point:13,250,
1448027755,rat,1829,has,died,of,old,age,at,point:13,210,
1448027755,rat,18228,has,died,of,old,age,at,point:11,208,
1448027755,rat,18230,has,died,of,old,age,at,point:24,211,
1448027756,rat,10215,has,died,of,old,age,at,point:46,211,
1448027756,rat,10228,has,died,of,old,age,at,point:17,153,
1448027756,goblin,1543,has,died,of,old,age,at,point:22,153,
1448027756,goblin,15412,has,died,of,old,age,at,point:44,219,
1448027756,goblin,15417,has,died,of,old,age,at,point:43,212,
1448027756,goblin,1641,has,died,of,old,age,at,point:21,154,
1448027756,goblin,1644,has,died,of,old,age,at,point:23,210,
1448027756,goblin,1648,has,died,of,old,age,at,point:14,153,
1448027756,rat,17220,has,died,of,old,age,at,point:42,208,
1448027756,rat,17226,has,died,of,old,age,at,point:16,154,
1448027756,rat,17228,has,died,of,old,age,at,point:46,210,
1448027756,rat,1820,has,died,of,old,age,at,point:26,153,
1448027756,rat,1824,has,died,of,old,age,at,point:45,206,
1448027756,rat,1826,has,died,of,old,age,at,point:24,156,
1448027757,rat,1020,has,died,of,old,age,at,point:42,208,
1448027757,goblin,15415,has,died,of,old,age,at,point:33,219,
1448027757,goblin,1649,has,died,of,old,age,at,point:56,258,
1448027757,goblin,16413,has,died,of,old,age,at,point:23,208,
1448027757,goblin,16417,has,died,of,old,age,at,point:54,263,
1448027757,rat,1823,has,died,of,old,age,at,point:14,229,
1448027757,rat,18210,has,died,of,old,age,at,point:34,224,
1448027757,rat,18226,has,died,of,old,age,at,point:45,220,
1448027757,rat,18229,has,died,of,old,age,at,point:43,209,
1448027758,rat,10211,has,died,of,old,age,at,point:15,226,
1448027758,goblin,1647,has,died,of,old,age,at,point:43,226,
1448027758,rat,1728,has,died,of,old,age,at,point:44,226,
1448027758,rat,17224,has,died,of,old,age,at,point:7,226,
1448027758,rat,1825,has,died,of,old,age,at,point:8,225,
1448027759,rat,1021,has,died,of,old,age,at,point:45,223,
1448027759,rat,10222,has,died,of,old,age,at,point:13,207,
1448027759,rat,10225,has,died,of,old,age,at,point:12,210,
1448027759,rat,1720,has,died,of,old,age,at,point:6,226,
1448027759,rat,17217,has,died,of,old,age,at,point:42,223,
1448027760,rat,10227,has,died,of,old,age,at,point:24,207,
1448027760,goblin,15411,has,died,of,old,age,at,point:40,223,
1448027760,goblin,1640,has,died,of,old,age,at,point:25,157,
1448027760,rat,1821,has,died,of,old,age,at,point:49,228,
1448027762,rat,10239,has,been,spawned,at,point:,23,214,,
1448027762,rat,10240,has,been,spawned,at,point:,24,206,,
1448027762,rat,10241,has,been,spawned,at,point:,18,208,,
1448027762,rat,10242,has,been,spawned,at,point:,23,213,,
1448027762,rat,10243,has,been,spawned,at,point:,12,213,,
1448027762,rat,10244,has,been,spawned,at,point:,23,213,,
1448027762,rat,10245,has,been,spawned,at,point:,13,212,,
1448027762,rat,10246,has,been,spawned,at,point:,16,208,,
1448027762,rat,10247,has,been,spawned,at,point:,20,214,,
1448027762,rat,10248,has,been,spawned,at,point:,17,206,,
1448027762,goblin,15426,has,been,spawned,at,point:,49,270,,
1448027762,goblin,15427,has,been,spawned,at,point:,56,273,,
1448027762,goblin,15428,has,been,spawned,at,point:,48,271,,
1448027762,goblin,15429,has,been,spawned,at,point:,50,275,,
1448027762,goblin,15430,has,been,spawned,at,point:,54,274,,
1448027762,goblin,15431,has,been,spawned,at,point:,50,274,,
1448027762,goblin,15432,has,been,spawned,at,point:,50,272,,
1448027762,goblin,15433,has,been,spawned,at,point:,52,274,,
1448027762,goblin,15434,has,been,spawned,at,point:,53,271,,
1448027762,goblin,15435,has,been,spawned,at,point:,50,273,,
1448027762,goblin,15436,has,been,spawned,at,point:,47,272,,
1448027762,goblin,15437,has,been,spawned,at,point:,50,276,,
1448027762,goblin,16437,has,been,spawned,at,point:,49,259,,
1448027762,goblin,16438,has,been,spawned,at,point:,54,260,,
1448027762,goblin,16439,has,been,spawned,at,point:,49,259,,
1448027762,goblin,16440,has,been,spawned,at,point:,49,261,,
1448027762,goblin,16441,has,been,spawned,at,point:,49,260,,
1448027762,goblin,16442,has,been,spawned,at,point:,52,262,,
1448027762,goblin,16443,has,been,spawned,at,point:,56,263,,
1448027762,goblin,16444,has,been,spawned,at,point:,52,258,,
1448027762,goblin,16445,has,been,spawned,at,point:,56,261,,
1448027762,goblin,16446,has,been,spawned,at,point:,56,258,,
1448027762,goblin,16447,has,been,spawned,at,point:,52,258,,
1448027762,goblin,16448,has,been,spawned,at,point:,53,261,,
1448027762,goblin,16449,has,been,spawned,at,point:,52,260,,
1448027762,goblin,16450,has,been,spawned,at,point:,50,260,,
1448027762,rat,17228,has,been,spawned,at,point:,11,244,,
1448027762,rat,17229,has,been,spawned,at,point:,7,252,,
1448027763,rat,17230,has,been,spawned,at,point:,13,245,,
1448027763,rat,17231,has,been,spawned,at,point:,11,251,,
1448027763,rat,17232,has,been,spawned,at,point:,13,245,,
1448027763,rat,17233,has,been,spawned,at,point:,13,246,,
1448027763,rat,17234,has,been,spawned,at,point:,15,249,,
1448027763,rat,17235,has,been,spawned,at,point:,6,245,,
1448027763,rat,17236,has,been,spawned,at,point:,7,252,,
1448027763,rat,17237,has,been,spawned,at,point:,15,247,,
1448027763,rat,17238,has,been,spawned,at,point:,6,247,,
1448027763,rat,17239,has,been,spawned,at,point:,13,244,,
1448027763,rat,18248,has,been,spawned,at,point:,73,226,,
1448027763,rat,18249,has,been,spawned,at,point:,68,222,,
1448027763,rat,18250,has,been,spawned,at,point:,66,222,,
1448027763,rat,18251,has,been,spawned,at,point:,66,223,,
1448027763,rat,18252,has,been,spawned,at,point:,74,223,,
1448027763,rat,18253,has,been,spawned,at,point:,67,221,,
1448027763,rat,18254,has,been,spawned,at,point:,73,226,,
1448027763,rat,18255,has,been,spawned,at,point:,67,228,,
1448027763,rat,18256,has,been,spawned,at,point:,75,225,,
1448027763,rat,18257,has,been,spawned,at,point:,72,228,,
1448027763,rat,18258,has,been,spawned,at,point:,68,226,,
1448027763,rat,18259,has,been,spawned,at,point:,75,225,,
1448027763,rat,18260,has,been,spawned,at,point:,71,228,,
1448027763,rat,18261,has,been,spawned,at,point:,73,223,,
1448027763,rat,18262,has,been,spawned,at,point:,72,225,,
1448027763,rat,18263,has,been,spawned,at,point:,69,223,,
1448027763,rat,18264,has,been,spawned,at,point:,73,223,,
1448027763,rat,18265,has,been,spawned,at,point:,75,228,,
1448027764,rat,10233,has,died,of,old,age,at,point:22,211,
1448027764,rat,10234,has,died,of,old,age,at,point:41,211,
1448027764,rat,10239,has,died,of,old,age,at,point:15,153,
1448027764,goblin,15422,has,died,of,old,age,at,point:53,270,
1448027764,goblin,16425,has,died,of,old,age,at,point:13,224,
1448027764,rat,17233,has,died,of,old,age,at,point:43,228,
1448027764,rat,18212,has,died,of,old,age,at,point:47,221,
1448027764,rat,18233,has,died,of,old,age,at,point:21,156,
1448027764,rat,18235,has,died,of,old,age,at,point:15,212,
1448027764,rat,18238,has,died,of,old,age,at,point:21,157,
1448027765,rat,10236,has,died,of,old,age,at,point:48,211,
1448027765,rat,10238,has,died,of,old,age,at,point:51,226,
1448027765,goblin,15420,has,died,of,old,age,at,point:48,271,
1448027765,goblin,16420,has,died,of,old,age,at,point:52,260,
1448027765,goblin,16422,has,died,of,old,age,at,point:11,211,
1448027765,goblin,16424,has,died,of,old,age,at,point:50,220,
1448027765,rat,17238,has,died,of,old,age,at,point:24,214,
1448027765,rat,18237,has,died,of,old,age,at,point:41,211,
1448027766,rat,10237,has,died,of,old,age,at,point:49,223,
1448027766,goblin,15423,has,died,of,old,age,at,point:15,229,
1448027766,goblin,15424,has,died,of,old,age,at,point:13,206,
1448027766,rat,17236,has,died,of,old,age,at,point:41,212,
1448027766,rat,17237,has,died,of,old,age,at,point:17,156,
1448027766,rat,18236,has,died,of,old,age,at,point:43,224,
1448027767,rat,17235,has,died,of,old,age,at,point:22,224,
1448027768,rat,10235,has,died,of,old,age,at,point:18,206,
1448027768,rat,17234,has,died,of,old,age,at,point:23,154,
1448027768,rat,18239,has,died,of,old,age,at,point:48,207,
1448027769,goblin,16421,has,died,of,old,age,at,point:14,211,
1448027769,rat,18234,has,died,of,old,age,at,point:17,156,
1448027771,goblin,16423,has,died,of,old,age,at,point:46,209,
1448027771,rat,17239,has,died,of,old,age,at,point:11,226,
1448027773,rat,10242,has,been,spawned,at,point:,24,208,,
1448027773,rat,10243,has,been,spawned,at,point:,18,208,,
1448027773,rat,10244,has,been,spawned,at,point:,21,207,,
1448027773,rat,10245,has,been,spawned,at,point:,15,209,,
1448027773,rat,10246,has,been,spawned,at,point:,17,208,,
1448027773,rat,10247,has,been,spawned,at,point:,13,211,,
1448027773,rat,10248,has,been,spawned,at,point:,17,211,,
1448027773,rat,10249,has,been,spawned,at,point:,23,212,,
1448027773,rat,10250,has,been,spawned,at,point:,16,210,,
1448027773,rat,10251,has,been,spawned,at,point:,24,208,,
1448027773,rat,10252,has,been,spawned,at,point:,16,206,,
1448027773,rat,10253,has,been,spawned,at,point:,23,213,,
1448027773,rat,10254,has,been,spawned,at,point:,16,208,,
1448027773,goblin,15434,has,been,spawned,at,point:,50,271,,
1448027773,goblin,15435,has,been,spawned,at,point:,55,274,,
1448027773,goblin,15436,has,been,spawned,at,point:,53,271,,
1448027773,goblin,15437,has,been,spawned,at,point:,47,273,,
1448027773,goblin,15438,has,been,spawned,at,point:,50,271,,
1448027773,goblin,15439,has,been,spawned,at,point:,55,274,,
1448027773,goblin,15440,has,been,spawned,at,point:,47,272,,
1448027773,goblin,15441,has,been,spawned,at,point:,50,271,,
1448027773,goblin,15442,has,been,spawned,at,point:,56,272,,
1448027773,goblin,15443,has,been,spawned,at,point:,49,270,,
1448027773,goblin,15444,has,been,spawned,at,point:,53,271,,
1448027773,goblin,15445,has,been,spawned,at,point:,48,275,,
1448027773,goblin,15446,has,been,spawned,at,point:,47,272,,
1448027773,goblin,15447,has,been,spawned,at,point:,56,272,,
1448027773,goblin,16445,has,been,spawned,at,point:,56,262,,
1448027773,goblin,16446,has,been,spawned,at,point:,53,263,,
1448027773,goblin,16447,has,been,spawned,at,point:,52,259,,
1448027773,goblin,16448,has,been,spawned,at,point:,51,262,,
1448027773,goblin,16449,has,been,spawned,at,point:,55,262,,
1448027773,goblin,16450,has,been,spawned,at,point:,52,262,,
1448027773,goblin,16451,has,been,spawned,at,point:,52,260,,
1448027773,goblin,16452,has,been,spawned,at,point:,54,259,,
1448027773,goblin,16453,has,been,spawned,at,point:,51,261,,
1448027773,goblin,16454,has,been,spawned,at,point:,49,259,,
1448027773,goblin,16455,has,been,spawned,at,point:,50,262,,
1448027773,goblin,16456,has,been,spawned,at,point:,49,262,,
1448027773,goblin,16457,has,been,spawned,at,point:,51,260,,
1448027773,goblin,16458,has,been,spawned,at,point:,56,258,,
1448027773,goblin,16459,has,been,spawned,at,point:,53,263,,
1448027773,goblin,16460,has,been,spawned,at,point:,54,263,,
1448027773,rat,17233,has,been,spawned,at,point:,6,244,,
1448027773,rat,17234,has,been,spawned,at,point:,7,245,,
1448027773,rat,17235,has,been,spawned,at,point:,8,246,,
1448027773,rat,17236,has,been,spawned,at,point:,6,252,,
1448027773,rat,17237,has,been,spawned,at,point:,8,249,,
1448027773,rat,17238,has,been,spawned,at,point:,10,244,,
1448027773,rat,17239,has,been,spawned,at,point:,6,246,,
1448027773,rat,17240,has,been,spawned,at,point:,9,247,,
1448027773,rat,18258,has,been,spawned,at,point:,75,225,,
1448027773,rat,18259,has,been,spawned,at,point:,74,221,,
1448027773,rat,18260,has,been,spawned,at,point:,73,228,,
1448027773,rat,18261,has,been,spawned,at,point:,72,224,,
1448027773,rat,18262,has,been,spawned,at,point:,74,226,,
1448027773,rat,18263,has,been,spawned,at,point:,69,226,,
1448027773,rat,18264,has,been,spawned,at,point:,73,225,,
1448027773,rat,18265,has,been,spawned,at,point:,66,227,,
1448027773,rat,18266,has,been,spawned,at,point:,68,222,,
1448027773,rat,18267,has,been,spawned,at,point:,68,226,,
1448027773,rat,18268,has,been,spawned,at,point:,76,222,,
1448027773,rat,18269,has,been,spawned,at,point:,76,226,,
1448027773,rat,18270,has,been,spawned,at,point:,75,225,,
1448027773,rat,18271,has,been,spawned,at,point:,69,227,,
1448027773,rat,18272,has,been,spawned,at,point:,71,226,,
1448027773,rat,18273,has,been,spawned,at,point:,74,228,,
1448027775,rat,10240,has,died,of,old,age,at,point:44,213,
1448027775,rat,10243,has,died,of,old,age,at,point:41,213,
1448027775,rat,10250,has,died,of,old,age,at,point:16,213,
1448027775,rat,10255,has,died,of,old,age,at,point:24,207,
1448027775,rat,10256,has,died,of,old,age,at,point:18,212,
1448027775,goblin,16427,has,died,of,old,age,at,point:13,228,
1448027775,goblin,16429,has,died,of,old,age,at,point:53,258,
1448027775,goblin,16430,has,died,of,old,age,at,point:46,214,
1448027775,goblin,16431,has,died,of,old,age,at,point:37,224,
1448027775,goblin,16436,has,died,of,old,age,at,point:15,210,
1448027775,goblin,16437,has,died,of,old,age,at,point:48,207,
1448027775,goblin,16438,has,died,of,old,age,at,point:41,207,
1448027775,rat,17244,has,died,of,old,age,at,point:40,208,
1448027775,rat,17245,has,died,of,old,age,at,point:24,213,
1448027775,rat,18246,has,died,of,old,age,at,point:45,216,
1448027775,rat,18247,has,died,of,old,age,at,point:40,214,
1448027775,rat,18253,has,died,of,old,age,at,point:44,225,
1448027775,rat,18254,has,died,of,old,age,at,point:43,211,
1448027777,rat,10241,has,died,of,old,age,at,point:8,229,
1448027777,rat,10245,has,died,of,old,age,at,point:17,211,
1448027777,rat,10246,has,died,of,old,age,at,point:10,213,
1448027777,rat,10248,has,died,of,old,age,at,point:18,206,
1448027777,rat,10252,has,died,of,old,age,at,point:22,153,
1448027777,goblin,15421,has,died,of,old,age,at,point:45,227,
1448027777,goblin,15427,has,died,of,old,age,at,point:45,215,
1448027777,goblin,15429,has,died,of,old,age,at,point:51,270,
1448027777,goblin,15431,has,died,of,old,age,at,point:19,211,
1448027777,goblin,16426,has,died,of,old,age,at,point:44,226,
1448027777,goblin,16428,has,died,of,old,age,at,point:18,227,
1448027777,rat,17240,has,died,of,old,age,at,point:18,211,
1448027777,rat,17243,has,died,of,old,age,at,point:44,214,
1448027777,rat,17246,has,died,of,old,age,at,point:21,156,
1448027777,rat,17247,has,died,of,old,age,at,point:13,223,
1448027777,rat,17248,has,died,of,old,age,at,point:6,228,
1448027777,rat,18240,has,died,of,old,age,at,point:43,222,
1448027777,rat,18244,has,died,of,old,age,at,point:73,221,
1448027777,rat,18248,has,died,of,old,age,at,point:66,221,
1448027777,rat,18250,has,died,of,old,age,at,point:16,224,
1448027778,rat,10247,has,died,of,old,age,at,point:20,211,
1448027778,rat,10251,has,died,of,old,age,at,point:41,222,
1448027778,rat,10258,has,died,of,old,age,at,point:46,223,
1448027778,goblin,16434,has,died,of,old,age,at,point:36,218,
1448027778,goblin,16435,has,died,of,old,age,at,point:39,211,
1448027778,rat,17242,has,died,of,old,age,at,point:37,222,
1448027778,rat,17250,has,died,of,old,age,at,point:14,225,
1448027778,rat,18249,has,died,of,old,age,at,point:6,227,
1448027779,goblin,15430,has,died,of,old,age,at,point:37,225,
1448027779,goblin,16433,has,died,of,old,age,at,point:47,216,
1448027779,rat,17241,has,died,of,old,age,at,point:24,157,
1448027779,rat,17249,has,died,of,old,age,at,point:41,209,
1448027779,rat,18245,has,died,of,old,age,at,point:11,224,
1448027779,rat,18252,has,died,of,old,age,at,point:50,228,
1448027780,rat,10249,has,died,of,old,age,at,point:20,153,
1448027780,rat,10253,has,died,of,old,age,at,point:9,226,
1448027780,goblin,15428,has,died,of,old,age,at,point:27,154,
1448027781,rat,10254,has,died,of,old,age,at,point:18,213,
1448027781,rat,10257,has,died,of,old,age,at,point:50,223,
1448027781,rat,18242,has,died,of,old,age,at,point:15,207,
1448027782,rat,10242,has,died,of,old,age,at,point:16,213,
1448027782,rat,10244,has,died,of,old,age,at,point:24,214,
1448027782,rat,18251,has,died,of,old,age,at,point:18,155,
1448027783,goblin,16432,has,died,of,old,age,at,point:43,208,
1448027784,goblin,15425,has,died,of,old,age,at,point:21,213,
1448027784,goblin,15426,has,died,of,old,age,at,point:44,207,
1448027784,rat,18241,has,died,of,old,age,at,point:76,225,
1448027785,goblin,16439,has,died,of,old,age,at,point:10,227,
1448027785,rat,10236,has,been,spawned,at,point:,19,213,,
1448027785,rat,10237,has,been,spawned,at,point:,20,211,,
1448027785,rat,10238,has,been,spawned,at,point:,17,211,,
1448027785,rat,10239,has,been,spawned,at,point:,19,214,,
1448027785,rat,10240,has,been,spawned,at,point:,18,214,,
1448027785,rat,10241,has,been,spawned,at,point:,24,208,,
1448027785,rat,10242,has,been,spawned,at,point:,19,213,,
1448027785,rat,10243,has,been,spawned,at,point:,19,214,,
1448027785,rat,10244,has,been,spawned,at,point:,24,211,,
1448027785,goblin,15440,has,been,spawned,at,point:,53,276,,
1448027785,goblin,15441,has,been,spawned,at,point:,56,271,,
1448027785,goblin,15442,has,been,spawned,at,point:,55,276,,
1448027785,goblin,15443,has,been,spawned,at,point:,54,272,,
1448027785,goblin,15444,has,been,spawned,at,point:,56,270,,
1448027785,goblin,15445,has,been,spawned,at,point:,54,270,,
1448027785,goblin,15446,has,been,spawned,at,point:,53,276,,
1448027785,goblin,15447,has,been,spawned,at,point:,51,270,,
1448027785,goblin,15448,has,been,spawned,at,point:,52,276,,
1448027785,goblin,15449,has,been,spawned,at,point:,49,275,,
1448027785,goblin,15450,has,been,spawned,at,point:,50,275,,
1448027785,goblin,15451,has,been,spawned,at,point:,54,274,,
1448027785,goblin,15452,has,been,spawned,at,point:,54,276,,
1448027785,goblin,16447,has,been,spawned,at,point:,52,258,,
1448027785,goblin,16448,has,been,spawned,at,point:,55,262,,
1448027785,goblin,16449,has,been,spawned,at,point:,55,263,,
1448027785,goblin,16450,has,been,spawned,at,point:,51,262,,
1448027785,goblin,16451,has,been,spawned,at,point:,56,260,,
1448027785,goblin,16452,has,been,spawned,at,point:,51,261,,
1448027785,goblin,16453,has,been,spawned,at,point:,52,260,,
1448027785,goblin,16454,has,been,spawned,at,point:,54,258,,
1448027785,goblin,16455,has,been,spawned,at,point:,49,261,,
1448027785,goblin,16456,has,been,spawned,at,point:,51,263,,
1448027785,goblin,16457,has,been,spawned,at,point:,56,258,,
1448027785,goblin,16458,has,been,spawned,at,point:,55,261,,
1448027785,goblin,16459,has,been,spawned,at,point:,49,261,,
1448027785,goblin,16460,has,been,spawned,at,point:,53,260,,
1448027785,goblin,16461,has,been,spawned,at,point:,50,261,,
1448027785,goblin,16462,has,been,spawned,at,point:,52,258,,
1448027785,goblin,16463,has,been,spawned,at,point:,54,262,,
1448027785,goblin,16464,has,been,spawned,at,point:,52,259,,
1448027785,goblin,16465,has,been,spawned,at,point:,55,262,,
1448027785,goblin,16466,has,been,spawned,at,point:,55,258,,
1448027785,goblin,16467,has,been,spawned,at,point:,53,260,,
1448027785,goblin,16468,has,been,spawned,at,point:,53,259,,
1448027785,goblin,16469,has,been,spawned,at,point:,55,259,,
1448027785,rat,17230,has,been,spawned,at,point:,8,252,,
1448027785,rat,17231,has,been,spawned,at,point:,9,251,,
1448027785,rat,17232,has,been,spawned,at,point:,15,249,,
1448027785,rat,17233,has,been,spawned,at,point:,12,246,,
1448027785,rat,17234,has,been,spawned,at,point:,9,248,,
1448027786,rat,17235,has,been,spawned,at,point:,10,246,,
1448027786,rat,17236,has,been,spawned,at,point:,6,245,,
1448027786,rat,17237,has,been,spawned,at,point:,15,245,,
1448027786,rat,17238,has,been,spawned,at,point:,12,250,,
1448027786,rat,17239,has,been,spawned,at,point:,11,243,,
1448027786,rat,17240,has,been,spawned,at,point:,12,249,,
1448027786,rat,17241,has,been,spawned,at,point:,14,250,,
1448027786,rat,18260,has,been,spawned,at,point:,71,228,,
1448027786,rat,18261,has,been,spawned,at,point:,68,222,,
1448027786,rat,18262,has,been,spawned,at,point:,71,226,,
1448027786,rat,18263,has,been,spawned,at,point:,71,226,,
1448027786,rat,18264,has,been,spawned,at,point:,76,227,,
1448027786,rat,18265,has,been,spawned,at,point:,72,222,,
1448027786,rat,18266,has,been,spawned,at,point:,75,225,,
1448027786,rat,18267,has,been,spawned,at,point:,66,223,,
1448027786,rat,18268,has,been,spawned,at,point:,68,228,,
1448027786,rat,18269,has,been,spawned,at,point:,68,225,,
1448027786,rat,18270,has,been,spawned,at,point:,74,222,,
1448027786,rat,18271,has,been,spawned,at,point:,74,227,,
1448027786,rat,18272,has,been,spawned,at,point:,76,221,,
1448027786,rat,18273,has,been,spawned,at,point:,72,224,,
1448027786,rat,18274,has,been,spawned,at,point:,68,228,,
1448027786,rat,18275,has,been,spawned,at,point:,69,228,,
1448027786,rat,18276,has,been,spawned,at,point:,66,228,,
1448027786,rat,18277,has,been,spawned,at,point:,66,224,,
1448027786,rat,18278,has,been,spawned,at,point:,73,226,,
1448027786,rat,18279,has,been,spawned,at,point:,68,227,,
1448027786,rat,18280,has,been,spawned,at,point:,75,228,,
1448027786,rat,18281,has,been,spawned,at,point:,69,224,,
1448027786,rat,18282,has,been,spawned,at,point:,71,225,,
1448027786,rat,18283,has,been,spawned,at,point:,73,221,,
1448027787,rat,10260,has,been,killed,by,rat18243,at,point:,47,223
1448027787,rat,10259,has,died,of,old,age,at,point:51,218,
1448027787,rat,10264,has,died,of,old,age,at,point:16,208,
1448027787,rat,10265,has,died,of,old,age,at,point:19,154,
1448027787,rat,10267,has,died,of,old,age,at,point:16,208,
1448027787,rat,10270,has,died,of,old,age,at,point:48,208,
1448027787,rat,10271,has,died,of,old,age,at,point:23,209,
1448027787,goblin,15434,has,died,of,old,age,at,point:50,271,
1448027787,goblin,15440,has,died,of,old,age,at,point:56,274,
1448027787,goblin,15442,has,died,of,old,age,at,point:41,210,
1448027787,goblin,15445,has,died,of,old,age,at,point:39,207,
1448027787,goblin,16442,has,died,of,old,age,at,point:55,262,
1448027787,goblin,16444,has,died,of,old,age,at,point:20,226,
1448027787,goblin,16445,has,died,of,old,age,at,point:54,263,
1448027787,goblin,16450,has,died,of,old,age,at,point:51,259,
1448027787,goblin,16452,has,died,of,old,age,at,point:55,261,
1448027787,rat,17254,has,died,of,old,age,at,point:44,211,
1448027787,rat,18259,has,died,of,old,age,at,point:6,225,
1448027787,rat,18264,has,died,of,old,age,at,point:48,210,
1448027787,rat,18269,has,died,of,old,age,at,point:43,214,
1448027787,rat,18270,has,died,of,old,age,at,point:15,213,
1448027787,rat,18271,has,died,of,old,age,at,point:47,220,
1448027787,rat,18275,has,died,of,old,age,at,point:25,153,
1448027787,rat,18276,has,died,of,old,age,at,point:21,211,
1448027787,rat,18277,has,died,of,old,age,at,point:14,223,
1448027788,rat,10266,has,died,of,old,age,at,point:20,208,
1448027788,goblin,15436,has,died,of,old,age,at,point:19,154,
1448027788,goblin,15437,has,died,of,old,age,at,point:20,211,
1448027788,goblin,15439,has,died,of,old,age,at,point:24,211,
1448027788,goblin,15441,has,died,of,old,age,at,point:18,228,
1448027788,goblin,16447,has,died,of,old,age,at,point:51,219,
1448027788,goblin,16448,has,died,of,old,age,at,point:14,211,
1448027788,goblin,16454,has,died,of,old,age,at,point:22,208,
1448027788,goblin,16456,has,died,of,old,age,at,point:19,209,
1448027788,rat,17252,has,died,of,old,age,at,point:46,207,
1448027788,rat,17253,has,died,of,old,age,at,point:22,153,
1448027788,rat,17256,has,died,of,old,age,at,point:13,206,
1448027788,rat,17258,has,died,of,old,age,at,point:10,248,
1448027788,rat,18256,has,died,of,old,age,at,point:46,218,
1448027788,rat,18257,has,died,of,old,age,at,point:75,226,
1448027788,rat,18262,has,died,of,old,age,at,point:41,224,
1448027788,rat,18266,has,died,of,old,age,at,point:17,153,
1448027788,rat,18268,has,died,of,old,age,at,point:20,211,
1448027788,rat,18272,has,died,of,old,age,at,point:74,224,
1448027788,rat,18274,has,died,of,old,age,at,point:26,154,
1448027789,rat,18255,has,been,killed,by,rat18256,at,point:,67,228
1448027789,rat,10269,has,died,of,old,age,at,point:13,226,
1448027789,goblin,15444,has,died,of,old,age,at,point:14,213,
1448027789,goblin,16441,has,died,of,old,age,at,point:45,213,
1448027789,goblin,16443,has,died,of,old,age,at,point:19,214,
1448027789,goblin,16446,has,died,of,old,age,at,point:46,206,
1448027789,goblin,16449,has,died,of,old,age,at,point:51,261,
1448027789,goblin,16451,has,died,of,old,age,at,point:14,211,
1448027789,goblin,16453,has,died,of,old,age,at,point:12,226,
1448027789,rat,17255,has,died,of,old,age,at,point:15,226,
1448027789,rat,17257,has,died,of,old,age,at,point:15,153,
1448027789,rat,17260,has,died,of,old,age,at,point:19,224,
1448027789,rat,18261,has,died,of,old,age,at,point:13,209,
1448027789,rat,18273,has,died,of,old,age,at,point:26,157,
1448027789,rat,18279,has,died,of,old,age,at,point:20,214,
1448027790,rat,10261,has,died,of,old,age,at,point:16,224,
1448027790,rat,10262,has,died,of,old,age,at,point:21,157,
1448027790,goblin,16440,has,died,of,old,age,at,point:48,211,
1448027791,rat,18263,has,been,killed,by,rat18261,at,point:,71,226
1448027791,rat,10263,has,died,of,old,age,at,point:24,206,
1448027791,goblin,15435,has,died,of,old,age,at,point:22,228,
1448027791,rat,17259,has,died,of,old,age,at,point:13,207,
1448027791,rat,18260,has,died,of,old,age,at,point:13,229,
1448027791,rat,18267,has,died,of,old,age,at,point:15,226,
1448027791,rat,18278,has,died,of,old,age,at,point:22,229,
1448027792,rat,18265,has,died,of,old,age,at,point:34,226,
1448027793,goblin,16455,has,died,of,old,age,at,point:16,153,
1448027794,rat,18281,has,been,killed,by,rat18267,at,point:,69,224
1448027794,rat,10268,has,died,of,old,age,at,point:15,223,
1448027794,goblin,15438,has,died,of,old,age,at,point:21,210,
1448027794,rat,18258,has,died,of,old,age,at,point:43,216,
1448027795,goblin,15433,has,died,of,old,age,at,point:7,225,
1448027795,goblin,15443,has,died,of,old,age,at,point:37,227,
1448027795,rat,17251,has,died,of,old,age,at,point:23,211,
1448027796,rat,18243,has,died,of,old,age,at,point:40,228,
1448027796,rat,10232,has,been,spawned,at,point:,17,213,,
1448027796,rat,10233,has,been,spawned,at,point:,11,211,,
1448027796,rat,10234,has,been,spawned,at,point:,12,206,,
1448027796,rat,10235,has,been,spawned,at,point:,22,213,,
1448027796,rat,10236,has,been,spawned,at,point:,10,206,,
1448027796,rat,10237,has,been,spawned,at,point:,18,213,,
1448027796,rat,10238,has,been,spawned,at,point:,13,208,,
1448027796,goblin,15440,has,been,spawned,at,point:,49,271,,
1448027796,goblin,15441,has,been,spawned,at,point:,53,271,,
1448027796,goblin,15442,has,been,spawned,at,point:,52,272,,
1448027796,goblin,15443,has,been,spawned,at,point:,56,270,,
1448027796,goblin,15444,has,been,spawned,at,point:,55,276,,
1448027796,goblin,15445,has,been,spawned,at,point:,54,271,,
1448027796,goblin,15446,has,been,spawned,at,point:,49,275,,
1448027796,goblin,15447,has,been,spawned,at,point:,48,275,,
1448027796,goblin,15448,has,been,spawned,at,point:,52,274,,
1448027796,goblin,15449,has,been,spawned,at,point:,49,270,,
1448027796,goblin,15450,has,been,spawned,at,point:,52,272,,
1448027796,goblin,15451,has,been,spawned,at,point:,52,271,,
1448027796,goblin,15452,has,been,spawned,at,point:,49,273,,
1448027796,goblin,15453,has,been,spawned,at,point:,56,270,,
1448027796,goblin,15454,has,been,spawned,at,point:,53,275,,
1448027796,goblin,15455,has,been,spawned,at,point:,52,272,,
1448027796,goblin,15456,has,been,spawned,at,point:,50,271,,
1448027796,goblin,15457,has,been,spawned,at,point:,54,275,,
1448027796,goblin,15458,has,been,spawned,at,point:,51,270,,
1448027796,goblin,16453,has,been,spawned,at,point:,49,261,,
1448027796,goblin,16454,has,been,spawned,at,point:,50,263,,
1448027796,goblin,16455,has,been,spawned,at,point:,53,260,,
1448027796,goblin,16456,has,been,spawned,at,point:,51,261,,
1448027796,goblin,16457,has,been,spawned,at,point:,55,260,,
1448027796,goblin,16458,has,been,spawned,at,point:,52,258,,
1448027796,goblin,16459,has,been,spawned,at,point:,52,259,,
1448027796,goblin,16460,has,been,spawned,at,point:,56,259,,
1448027796,goblin,16461,has,been,spawned,at,point:,54,259,,
1448027796,goblin,16462,has,been,spawned,at,point:,53,260,,
1448027796,goblin,16463,has,been,spawned,at,point:,51,261,,
1448027796,goblin,16464,has,been,spawned,at,point:,50,258,,
1448027796,goblin,16465,has,been,spawned,at,point:,52,258,,
1448027796,goblin,16466,has,been,spawned,at,point:,52,260,,
1448027796,goblin,16467,has,been,spawned,at,point:,49,260,,
1448027796,goblin,16468,has,been,spawned,at,point:,49,259,,
1448027796,goblin,16469,has,been,spawned,at,point:,52,261,,
1448027796,rat,17232,has,been,spawned,at,point:,12,247,,
1448027796,rat,17233,has,been,spawned,at,point:,7,247,,
1448027796,rat,17234,has,been,spawned,at,point:,13,246,,
1448027796,rat,17235,has,been,spawned,at,point:,8,249,,
1448027796,rat,17236,has,been,spawned,at,point:,14,250,,
1448027796,rat,17237,has,been,spawned,at,point:,12,245,,
1448027796,rat,17238,has,been,spawned,at,point:,15,251,,
1448027796,rat,17239,has,been,spawned,at,point:,7,246,,
1448027796,rat,17240,has,been,spawned,at,point:,8,249,,
1448027796,rat,17241,has,been,spawned,at,point:,9,244,,
1448027796,rat,17242,has,been,spawned,at,point:,6,248,,
1448027796,rat,18257,has,been,spawned,at,point:,73,227,,
1448027796,rat,18258,has,been,spawned,at,point:,76,228,,
1448027796,rat,18259,has,been,spawned,at,point:,74,223,,
1448027797,rat,18260,has,been,spawned,at,point:,76,221,,
1448027797,rat,18261,has,been,spawned,at,point:,71,224,,
1448027797,rat,18262,has,been,spawned,at,point:,69,223,,
1448027797,rat,18263,has,been,spawned,at,point:,66,226,,
1448027797,rat,18264,has,been,spawned,at,point:,68,222,,
1448027797,rat,18265,has,been,spawned,at,point:,70,223,,
1448027797,rat,18266,has,been,spawned,at,point:,76,227,,
1448027797,rat,18267,has,been,spawned,at,point:,66,225,,
1448027797,rat,18268,has,been,spawned,at,point:,69,225,,
1448027797,rat,18269,has,been,spawned,at,point:,66,223,,
1448027797,rat,18270,has,been,spawned,at,point:,69,223,,
1448027797,rat,18271,has,been,spawned,at,point:,68,226,,
1448027797,rat,18272,has,been,spawned,at,point:,73,226,,
1448027797,rat,18273,has,been,spawned,at,point:,72,224,,
1448027797,rat,18274,has,been,spawned,at,point:,76,228,,
1448027797,rat,18275,has,been,spawned,at,point:,70,221,,
1448027797,rat,18276,has,been,spawned,at,point:,74,225,,
1448027797,goblin,15432,has,died,of,old,age,at,point:19,155,
1448027799,rat,10239,has,died,of,old,age,at,point:21,227,
1448027799,rat,10242,has,died,of,old,age,at,point:17,210,
1448027799,rat,10245,has,died,of,old,age,at,point:47,216,
1448027799,goblin,15426,has,died,of,old,age,at,point:20,153,
1448027799,goblin,15428,has,died,of,old,age,at,point:48,271,
1448027799,goblin,15431,has,died,of,old,age,at,point:50,274,
1448027799,goblin,16438,has,died,of,old,age,at,point:24,156,
1448027799,goblin,16441,has,died,of,old,age,at,point:43,225,
1448027799,goblin,16443,has,died,of,old,age,at,point:45,212,
1448027799,goblin,16448,has,died,of,old,age,at,point:43,219,
1448027799,rat,17231,has,died,of,old,age,at,point:16,212,
1448027799,rat,17239,has,died,of,old,age,at,point:17,153,
1448027799,rat,18250,has,died,of,old,age,at,point:10,211,
1448027799,rat,18258,has,died,of,old,age,at,point:19,153,
1448027799,rat,18260,has,died,of,old,age,at,point:6,229,
1448027799,rat,18261,has,died,of,old,age,at,point:43,207,
1448027800,rat,18282,has,been,killed,by,rat18257,at,point:,71,225
1448027800,goblin,15430,has,died,of,old,age,at,point:36,228,
1448027800,goblin,15433,has,died,of,old,age,at,point:23,155,
1448027800,goblin,15435,has,died,of,old,age,at,point:21,157,
1448027800,goblin,15437,has,died,of,old,age,at,point:11,208,
1448027800,goblin,16439,has,died,of,old,age,at,point:49,259,
1448027800,goblin,16444,has,died,of,old,age,at,point:52,258,
1448027800,goblin,16445,has,died,of,old,age,at,point:25,157,
1448027800,rat,17235,has,died,of,old,age,at,point:16,210,
1448027800,rat,18253,has,died,of,old,age,at,point:28,155,
1448027800,rat,18254,has,died,of,old,age,at,point:73,226,
1448027800,rat,18255,has,died,of,old,age,at,point:67,228,
1448027800,rat,18256,has,died,of,old,age,at,point:75,225,
1448027800,rat,18263,has,died,of,old,age,at,point:17,214,
1448027800,rat,18265,has,died,of,old,age,at,point:33,218,
1448027801,rat,10241,has,died,of,old,age,at,point:48,212,
1448027801,rat,10243,has,died,of,old,age,at,point:12,228,
1448027801,goblin,15429,has,died,of,old,age,at,point:33,227,
1448027801,goblin,15434,has,died,of,old,age,at,point:17,156,
1448027801,goblin,16437,has,died,of,old,age,at,point:49,259,
1448027801,goblin,16440,has,died,of,old,age,at,point:49,226,
1448027801,goblin,16449,has,died,of,old,age,at,point:52,260,
1448027801,rat,17234,has,died,of,old,age,at,point:44,213,
1448027801,rat,17238,has,died,of,old,age,at,point:21,206,
1448027801,rat,18252,has,died,of,old,age,at,point:74,223,
1448027801,rat,18257,has,died,of,old,age,at,point:12,227,
1448027802,rat,10240,has,died,of,old,age,at,point:33,227,
1448027802,rat,10244,has,died,of,old,age,at,point:19,154,
1448027802,rat,10246,has,died,of,old,age,at,point:42,212,
1448027802,goblin,15436,has,died,of,old,age,at,point:17,214,
1448027802,goblin,16447,has,died,of,old,age,at,point:27,153,
1448027802,goblin,16450,has,died,of,old,age,at,point:50,260,
1448027802,rat,17229,has,died,of,old,age,at,point:45,206,
1448027802,rat,17233,has,died,of,old,age,at,point:48,221,
1448027802,rat,18249,has,died,of,old,age,at,point:18,225,
1448027802,rat,18259,has,died,of,old,age,at,point:46,212,
1448027803,rat,10248,has,died,of,old,age,at,point:20,223,
1448027803,goblin,16442,has,died,of,old,age,at,point:12,211,
1448027803,rat,17232,has,died,of,old,age,at,point:48,212,
1448027803,rat,18251,has,died,of,old,age,at,point:21,223,
1448027804,rat,17228,has,died,of,old,age,at,point:21,155,
1448027804,rat,17230,has,died,of,old,age,at,point:13,245,
1448027804,rat,17236,has,died,of,old,age,at,point:14,154,
1448027804,rat,17237,has,died,of,old,age,at,point:15,155,
1448027804,rat,18248,has,died,of,old,age,at,point:19,229,
1448027804,rat,18262,has,died,of,old,age,at,point:41,209,
1448027804,rat,18264,has,died,of,old,age,at,point:52,224,
1448027806,goblin,15432,has,died,of,old,age,at,point:14,209,
1448027806,goblin,16446,has,died,of,old,age,at,point:26,155,
1448027807,goblin,15427,has,died,of,old,age,at,point:17,226,
1448027808,rat,10230,has,been,spawned,at,point:,15,209,,
1448027808,rat,10231,has,been,spawned,at,point:,23,206,,
1448027808,rat,10232,has,been,spawned,at,point:,21,207,,
1448027808,rat,10233,has,been,spawned,at,point:,11,210,,
1448027808,rat,10234,has,been,spawned,at,point:,23,208,,
1448027808,rat,10235,has,been,spawned,at,point:,15,209,,
1448027808,rat,10236,has,been,spawned,at,point:,17,208,,
1448027808,rat,10237,has,been,spawned,at,point:,16,207,,
1448027808,goblin,15446,has,been,spawned,at,point:,47,274,,
1448027808,goblin,15447,has,been,spawned,at,point:,47,271,,
1448027808,goblin,15448,has,been,spawned,at,point:,50,276,,
1448027808,goblin,15449,has,been,spawned,at,point:,55,270,,
1448027808,goblin,15450,has,been,spawned,at,point:,48,272,,
1448027808,goblin,15451,has,been,spawned,at,point:,47,275,,
1448027808,goblin,15452,has,been,spawned,at,point:,53,272,,
1448027808,goblin,15453,has,been,spawned,at,point:,55,271,,
1448027808,goblin,15454,has,been,spawned,at,point:,47,274,,
1448027808,goblin,15455,has,been,spawned,at,point:,56,273,,
1448027808,goblin,15456,has,been,spawned,at,point:,49,275,,
1448027808,goblin,15457,has,been,spawned,at,point:,54,270,,
1448027808,goblin,15458,has,been,spawned,at,point:,50,275,,
1448027808,goblin,15459,has,been,spawned,at,point:,55,271,,
1448027808,goblin,16456,has,been,spawned,at,point:,56,260,,
1448027808,goblin,16457,has,been,spawned,at,point:,49,261,,
1448027808,goblin,16458,has,been,spawned,at,point:,56,263,,
1448027808,goblin,16459,has,been,spawned,at,point:,51,261,,
1448027808,goblin,16460,has,been,spawned,at,point:,54,262,,
1448027808,goblin,16461,has,been,spawned,at,point:,51,260,,
1448027808,goblin,16462,has,been,spawned,at,point:,49,263,,
1448027808,goblin,16463,has,been,spawned,at,point:,55,263,,
1448027808,goblin,16464,has,been,spawned,at,point:,53,262,,
1448027808,goblin,16465,has,been,spawned,at,point:,56,262,,
1448027808,goblin,16466,has,been,spawned,at,point:,49,261,,
1448027808,rat,17231,has,been,spawned,at,point:,14,244,,
1448027808,rat,17232,has,been,spawned,at,point:,14,243,,
1448027808,rat,17233,has,been,spawned,at,point:,6,251,,
1448027808,rat,17234,has,been,spawned,at,point:,6,249,,
1448027808,rat,17235,has,been,spawned,at,point:,11,252,,
1448027808,rat,17236,has,been,spawned,at,point:,11,244,,
1448027808,rat,17237,has,been,spawned,at,point:,13,249,,
1448027808,rat,17238,has,been,spawned,at,point:,7,245,,
1448027808,rat,17239,has,been,spawned,at,point:,8,243,,
1448027808,rat,17240,has,been,spawned,at,point:,13,247,,
1448027808,rat,17241,has,been,spawned,at,point:,13,243,,
1448027808,rat,18258,has,been,spawned,at,point:,76,223,,
1448027808,rat,18259,has,been,spawned,at,point:,70,223,,
1448027808,rat,18260,has,been,spawned,at,point:,72,225,,
1448027808,rat,18261,has,been,spawned,at,point:,70,222,,
1448027808,rat,18262,has,been,spawned,at,point:,74,226,,
1448027808,rat,18263,has,been,spawned,at,point:,73,228,,
1448027808,rat,18264,has,been,spawned,at,point:,73,226,,
1448027809,rat,18265,has,been,spawned,at,point:,66,227,,
1448027809,rat,18266,has,been,spawned,at,point:,72,223,,
1448027809,rat,18267,has,been,spawned,at,point:,67,226,,
1448027809,rat,18268,has,been,spawned,at,point:,67,221,,
1448027809,rat,18269,has,been,spawned,at,point:,66,225,,
1448027809,rat,18270,has,been,spawned,at,point:,74,221,,
1448027809,rat,18271,has,been,spawned,at,point:,72,228,,
1448027809,rat,18272,has,been,spawned,at,point:,75,222,,
1448027809,rat,18273,has,been,spawned,at,point:,66,223,,
1448027809,rat,18274,has,been,spawned,at,point:,68,228,,
1448027809,rat,18275,has,been,spawned,at,point:,73,225,,
1448027809,rat,18276,has,been,spawned,at,point:,71,225,,
1448027809,rat,18277,has,been,spawned,at,point:,74,228,,
1448027809,rat,18278,has,been,spawned,at,point:,73,222,,
1448027809,rat,18279,has,been,spawned,at,point:,70,221,,
1448027810,rat,10242,has,died,of,old,age,at,point:36,220,
1448027810,rat,10245,has,died,of,old,age,at,point:15,209,
1448027810,goblin,15434,has,died,of,old,age,at,point:39,211,
1448027810,goblin,15437,has,died,of,old,age,at,point:14,155,
1448027810,goblin,15443,has,died,of,old,age,at,point:45,211,
1448027810,goblin,15447,has,died,of,old,age,at,point:14,155,
1448027810,goblin,16445,has,died,of,old,age,at,point:49,224,
1448027810,goblin,16446,has,died,of,old,age,at,point:12,211,
1448027810,goblin,16448,has,died,of,old,age,at,point:51,223,
1448027810,goblin,16449,has,died,of,old,age,at,point:55,262,
1448027810,goblin,16452,has,died,of,old,age,at,point:17,153,
1448027810,goblin,16453,has,died,of,old,age,at,point:43,221,
1448027810,goblin,16454,has,died,of,old,age,at,point:42,220,
1448027810,goblin,16458,has,died,of,old,age,at,point:27,157,
1448027810,rat,17237,has,died,of,old,age,at,point:34,219,
1448027810,rat,18264,has,died,of,old,age,at,point:14,155,
1448027810,rat,18266,has,died,of,old,age,at,point:24,155,
1448027810,rat,18273,has,died,of,old,age,at,point:51,218,
1448027811,rat,10244,has,died,of,old,age,at,point:51,220,
1448027811,rat,10247,has,died,of,old,age,at,point:21,223,
1448027811,rat,10248,has,died,of,old,age,at,point:14,155,
1448027811,rat,10253,has,died,of,old,age,at,point:39,219,
1448027811,goblin,15435,has,died,of,old,age,at,point:35,220,
1448027811,goblin,15436,has,died,of,old,age,at,point:53,271,
1448027811,goblin,15438,has,died,of,old,age,at,point:50,271,
1448027811,goblin,15441,has,died,of,old,age,at,point:19,156,
1448027811,goblin,15446,has,died,of,old,age,at,point:38,224,
1448027811,goblin,16450,has,died,of,old,age,at,point:42,209,
1448027811,goblin,16451,has,died,of,old,age,at,point:20,154,
1448027811,goblin,16455,has,died,of,old,age,at,point:41,213,
1448027811,goblin,16459,has,died,of,old,age,at,point:17,227,
1448027811,goblin,16460,has,died,of,old,age,at,point:54,263,
1448027811,rat,17238,has,died,of,old,age,at,point:16,224,
1448027811,rat,17239,has,died,of,old,age,at,point:15,224,
1448027811,rat,18269,has,died,of,old,age,at,point:76,226,
1448027811,rat,18271,has,died,of,old,age,at,point:20,224,
1448027811,rat,18272,has,died,of,old,age,at,point:71,226,
1448027812,rat,10247,has,died,of,old,age,at,point:13,211,
1448027812,rat,10251,has,died,of,old,age,at,point:49,226,
1448027812,rat,10252,has,died,of,old,age,at,point:16,206,
1448027812,rat,10254,has,died,of,old,age,at,point:16,229,
1448027812,goblin,15440,has,died,of,old,age,at,point:39,225,
1448027812,goblin,15442,has,died,of,old,age,at,point:44,214,
1448027812,goblin,16447,has,died,of,old,age,at,point:14,157,
1448027812,goblin,16457,has,died,of,old,age,at,point:25,157,
1448027812,rat,17233,has,died,of,old,age,at,point:43,214,
1448027812,rat,18259,has,died,of,old,age,at,point:25,155,
1448027812,rat,18263,has,died,of,old,age,at,point:44,211,
1448027812,rat,18268,has,died,of,old,age,at,point:17,209,
1448027813,rat,10243,has,died,of,old,age,at,point:20,208,
1448027813,rat,10249,has,died,of,old,age,at,point:39,206,
1448027813,goblin,15445,has,died,of,old,age,at,point:10,213,
1448027813,goblin,16456,has,died,of,old,age,at,point:32,227,
1448027813,rat,17234,has,died,of,old,age,at,point:7,245,
1448027813,rat,18261,has,died,of,old,age,at,point:34,220,
1448027813,rat,18265,has,died,of,old,age,at,point:47,221,
1448027814,rat,10246,has,died,of,old,age,at,point:11,223,
1448027814,rat,10250,has,died,of,old,age,at,point:47,216,
1448027814,rat,17235,has,died,of,old,age,at,point:45,215,
1448027814,rat,17240,has,died,of,old,age,at,point:11,223,
1448027814,rat,18260,has,died,of,old,age,at,point:16,155,
1448027814,rat,18262,has,died,of,old,age,at,point:44,216,
1448027814,rat,18270,has,died,of,old,age,at,point:75,225,
1448027818,goblin,15439,has,died,of,old,age,at,point:38,228,
1448027818,rat,17236,has,died,of,old,age,at,point:12,207,
1448027819,goblin,15444,has,died,of,old,age,at,point:7,228,
1448027820,rat,10224,has,been,spawned,at,point:,10,214,,
1448027820,rat,10225,has,been,spawned,at,point:,15,209,,
1448027820,rat,10226,has,been,spawned,at,point:,13,207,,
1448027820,rat,10227,has,been,spawned,at,point:,13,211,,
1448027820,rat,10228,has,been,spawned,at,point:,14,213,,
1448027820,rat,10229,has,been,spawned,at,point:,18,206,,
1448027820,rat,10230,has,been,spawned,at,point:,11,206,,
1448027820,rat,10231,has,been,spawned,at,point:,24,206,,
1448027820,rat,10232,has,been,spawned,at,point:,13,214,,
1448027820,goblin,15446,has,been,spawned,at,point:,48,272,,
1448027820,goblin,15447,has,been,spawned,at,point:,52,270,,
1448027820,goblin,15448,has,been,spawned,at,point:,47,270,,
1448027820,goblin,15449,has,been,spawned,at,point:,54,275,,
1448027820,goblin,15450,has,been,spawned,at,point:,51,271,,
1448027820,goblin,15451,has,been,spawned,at,point:,54,271,,
1448027820,goblin,15452,has,been,spawned,at,point:,50,274,,
1448027820,goblin,15453,has,been,spawned,at,point:,53,271,,
1448027820,goblin,15454,has,been,spawned,at,point:,47,275,,
1448027820,goblin,15455,has,been,spawned,at,point:,47,275,,
1448027820,goblin,15456,has,been,spawned,at,point:,53,274,,
1448027820,goblin,15457,has,been,spawned,at,point:,56,276,,
1448027820,goblin,15458,has,been,spawned,at,point:,53,276,,
1448027820,goblin,15459,has,been,spawned,at,point:,52,272,,
1448027820,goblin,15460,has,been,spawned,at,point:,52,273,,
1448027820,goblin,15461,has,been,spawned,at,point:,51,271,,
1448027820,goblin,15462,has,been,spawned,at,point:,48,271,,
1448027820,goblin,15463,has,been,spawned,at,point:,53,270,,
1448027820,goblin,15464,has,been,spawned,at,point:,53,274,,
1448027820,goblin,15465,has,been,spawned,at,point:,53,272,,
1448027820,goblin,16451,has,been,spawned,at,point:,55,263,,
1448027820,goblin,16452,has,been,spawned,at,point:,53,259,,
1448027820,goblin,16453,has,been,spawned,at,point:,51,259,,
1448027820,goblin,16454,has,been,spawned,at,point:,53,260,,
1448027820,goblin,16455,has,been,spawned,at,point:,54,261,,
1448027820,goblin,16456,has,been,spawned,at,point:,54,260,,
1448027820,goblin,16457,has,been,spawned,at,point:,55,258,,
1448027820,goblin,16458,has,been,spawned,at,point:,56,259,,
1448027820,goblin,16459,has,been,spawned,at,point:,56,258,,
1448027820,goblin,16460,has,been,spawned,at,point:,54,260,,
1448027820,goblin,16461,has,been,spawned,at,point:,51,258,,
1448027820,goblin,16462,has,been,spawned,at,point:,51,263,,
1448027820,goblin,16463,has,been,spawned,at,point:,55,263,,
1448027820,goblin,16464,has,been,spawned,at,point:,49,262,,
1448027820,goblin,16465,has,been,spawned,at,point:,50,263,,
1448027820,goblin,16466,has,been,spawned,at,point:,54,261,,
1448027820,goblin,16467,has,been,spawned,at,point:,55,260,,
1448027820,rat,17234,has,been,spawned,at,point:,14,244,,
1448027820,rat,17235,has,been,spawned,at,point:,9,246,,
1448027820,rat,17236,has,been,spawned,at,point:,15,246,,
1448027820,rat,17237,has,been,spawned,at,point:,8,251,,
1448027820,rat,17238,has,been,spawned,at,point:,7,249,,
1448027820,rat,17239,has,been,spawned,at,point:,14,252,,
1448027821,rat,17240,has,been,spawned,at,point:,7,243,,
1448027821,rat,17241,has,been,spawned,at,point:,13,244,,
1448027821,rat,17242,has,been,spawned,at,point:,9,243,,
1448027821,rat,17243,has,been,spawned,at,point:,14,248,,
1448027821,rat,17244,has,been,spawned,at,point:,15,252,,
1448027821,rat,17245,has,been,spawned,at,point:,14,252,,
1448027821,rat,17246,has,been,spawned,at,point:,7,245,,
1448027821,rat,18266,has,been,spawned,at,point:,74,224,,
1448027821,rat,18267,has,been,spawned,at,point:,74,221,,
1448027821,rat,18268,has,been,spawned,at,point:,76,224,,
1448027821,rat,18269,has,been,spawned,at,point:,67,224,,
1448027821,rat,18270,has,been,spawned,at,point:,73,223,,
1448027821,rat,18271,has,been,spawned,at,point:,66,224,,
1448027821,rat,18272,has,been,spawned,at,point:,70,224,,
1448027821,rat,18273,has,been,spawned,at,point:,75,227,,
1448027821,rat,18274,has,been,spawned,at,point:,68,226,,
1448027821,rat,18275,has,been,spawned,at,point:,76,225,,
1448027821,rat,18276,has,been,spawned,at,point:,69,228,,
1448027821,rat,18277,has,been,spawned,at,point:,71,226,,
1448027821,rat,18278,has,been,spawned,at,point:,68,224,,
1448027821,rat,18279,has,been,spawned,at,point:,67,226,,
1448027821,rat,18280,has,been,spawned,at,point:,71,225,,
1448027821,rat,18281,has,been,spawned,at,point:,69,222,,
1448027821,rat,18282,has,been,spawned,at,point:,71,221,,
1448027821,rat,18283,has,been,spawned,at,point:,73,223,,
1448027821,rat,18258,has,died,of,old,age,at,point:41,214,
1448027821,rat,18267,has,died,of,old,age,at,point:11,214,
1448027822,rat,10229,has,been,killed,by,rat18283,at,point:,42,218
1448027822,rat,10240,has,died,of,old,age,at,point:40,215,
1448027822,rat,10243,has,died,of,old,age,at,point:12,223,
1448027822,goblin,15442,has,died,of,old,age,at,point:20,206,
1448027822,goblin,16447,has,died,of,old,age,at,point:33,227,
1448027822,goblin,16453,has,died,of,old,age,at,point:17,206,
1448027822,goblin,16454,has,died,of,old,age,at,point:54,258,
1448027822,goblin,16456,has,died,of,old,age,at,point:10,211,
1448027822,goblin,16458,has,died,of,old,age,at,point:10,208,
1448027822,goblin,16460,has,died,of,old,age,at,point:20,153,
1448027822,goblin,16464,has,died,of,old,age,at,point:23,156,
1448027822,goblin,16466,has,died,of,old,age,at,point:39,207,
1448027822,goblin,16467,has,died,of,old,age,at,point:39,207,
1448027822,rat,17230,has,died,of,old,age,at,point:8,252,
1448027822,rat,17237,has,died,of,old,age,at,point:15,245,
1448027822,rat,17239,has,died,of,old,age,at,point:27,155,
1448027822,rat,17240,has,died,of,old,age,at,point:43,209,
1448027822,rat,17241,has,died,of,old,age,at,point:46,220,
1448027822,rat,18260,has,died,of,old,age,at,point:44,206,
1448027822,rat,18261,has,died,of,old,age,at,point:68,222,
1448027822,rat,18263,has,died,of,old,age,at,point:71,226,
1448027822,rat,18264,has,died,of,old,age,at,point:35,222,
1448027822,rat,18267,has,died,of,old,age,at,point:66,223,
1448027822,rat,18269,has,died,of,old,age,at,point:21,223,
1448027822,rat,18270,has,died,of,old,age,at,point:49,228,
1448027822,rat,18276,has,died,of,old,age,at,point:46,212,
1448027822,rat,18279,has,died,of,old,age,at,point:45,207,
1448027822,rat,18280,has,died,of,old,age,at,point:52,218,
1448027823,rat,10239,has,died,of,old,age,at,point:40,221,
1448027823,goblin,15440,has,died,of,old,age,at,point:42,211,
1448027823,goblin,15445,has,died,of,old,age,at,point:47,211,
1448027823,goblin,15447,has,died,of,old,age,at,point:23,155,
1448027823,goblin,15448,has,died,of,old,age,at,point:24,214,
1448027823,goblin,15450,has,died,of,old,age,at,point:10,214,
1448027823,goblin,15452,has,died,of,old,age,at,point:48,218,
1448027823,goblin,16449,has,died,of,old,age,at,point:55,263,
1448027823,goblin,16452,has,died,of,old,age,at,point:16,156,
1448027823,goblin,16465,has,died,of,old,age,at,point:46,223,
1448027823,goblin,16469,has,died,of,old,age,at,point:26,153,
1448027823,rat,17231,has,died,of,old,age,at,point:32,221,
1448027823,rat,17232,has,died,of,old,age,at,point:20,210,
1448027823,rat,18271,has,died,of,old,age,at,point:25,155,
1448027824,rat,10236,has,died,of,old,age,at,point:31,227,
1448027824,rat,10237,has,died,of,old,age,at,point:43,207,
1448027824,rat,10244,has,died,of,old,age,at,point:24,206,
1448027824,goblin,15443,has,died,of,old,age,at,point:44,222,
1448027824,goblin,15446,has,died,of,old,age,at,point:10,223,
1448027824,goblin,15451,has,died,of,old,age,at,point:22,224,
1448027824,goblin,16448,has,died,of,old,age,at,point:48,207,
1448027824,goblin,16457,has,died,of,old,age,at,point:14,209,
1448027824,goblin,16463,has,died,of,old,age,at,point:27,156,
1448027824,rat,17236,has,died,of,old,age,at,point:6,245,
1448027824,rat,17238,has,died,of,old,age,at,point:43,214,
1448027824,rat,18268,has,died,of,old,age,at,point:40,223,
1448027824,rat,18283,has,died,of,old,age,at,point:51,224,
1448027825,goblin,16468,has,died,of,old,age,at,point:18,206,
1448027825,rat,17235,has,died,of,old,age,at,point:20,212,
1448027825,rat,18272,has,died,of,old,age,at,point:11,228,
1448027825,rat,18277,has,died,of,old,age,at,point:46,216,
1448027826,rat,10238,has,died,of,old,age,at,point:15,227,
1448027826,goblin,15441,has,died,of,old,age,at,point:11,229,
1448027826,rat,17233,has,died,of,old,age,at,point:15,154,
1448027826,rat,18275,has,died,of,old,age,at,point:15,207,
1448027827,rat,10242,has,died,of,old,age,at,point:46,223,
1448027827,goblin,16459,has,died,of,old,age,at,point:24,154,
1448027827,goblin,16461,has,died,of,old,age,at,point:10,206,
1448027827,goblin,16462,has,died,of,old,age,at,point:16,228,
1448027827,rat,18266,has,died,of,old,age,at,point:14,224,
1448027827,rat,18273,has,died,of,old,age,at,point:72,224,
1448027828,rat,10233,has,been,killed,by,rat17242,at,point:,45,215
1448027828,rat,10241,has,died,of,old,age,at,point:7,228,
1448027828,goblin,15444,has,died,of,old,age,at,point:21,211,
1448027829,goblin,16455,has,died,of,old,age,at,point:18,157,
1448027829,rat,18262,has,died,of,old,age,at,point:49,224,
1448027829,rat,18265,has,died,of,old,age,at,point:40,227,
1448027829,rat,18278,has,died,of,old,age,at,point:34,223,
1448027830,goblin,15449,has,died,of,old,age,at,point:43,216,
1448027830,goblin,16450,has,died,of,old,age,at,point:18,206,
1448027831,rat,10222,has,been,spawned,at,point:,12,211,,
1448027831,rat,10223,has,been,spawned,at,point:,14,212,,
1448027831,rat,10224,has,been,spawned,at,point:,18,209,,
1448027831,rat,10225,has,been,spawned,at,point:,19,211,,
1448027831,rat,10226,has,been,spawned,at,point:,15,212,,
1448027831,rat,10227,has,been,spawned,at,point:,13,210,,
1448027831,goblin,15453,has,been,spawned,at,point:,56,273,,
1448027831,goblin,15454,has,been,spawned,at,point:,52,270,,
1448027831,goblin,15455,has,been,spawned,at,point:,49,274,,
1448027831,goblin,15456,has,been,spawned,at,point:,52,270,,
1448027831,goblin,15457,has,been,spawned,at,point:,48,274,,
1448027831,goblin,15458,has,been,spawned,at,point:,56,271,,
1448027831,goblin,15459,has,been,spawned,at,point:,47,274,,
1448027831,goblin,15460,has,been,spawned,at,point:,56,271,,
1448027831,goblin,15461,has,been,spawned,at,point:,48,275,,
1448027831,goblin,15462,has,been,spawned,at,point:,51,274,,
1448027831,goblin,15463,has,been,spawned,at,point:,56,270,,
1448027831,goblin,15464,has,been,spawned,at,point:,48,275,,
1448027831,goblin,15465,has,been,spawned,at,point:,53,274,,
1448027831,goblin,15466,has,been,spawned,at,point:,54,272,,
1448027831,goblin,15467,has,been,spawned,at,point:,50,274,,
1448027831,goblin,15468,has,been,spawned,at,point:,47,270,,
1448027831,goblin,15469,has,been,spawned,at,point:,49,270,,
1448027831,goblin,15470,has,been,spawned,at,point:,50,274,,
1448027831,goblin,15471,has,been,spawned,at,point:,56,273,,
1448027831,goblin,15472,has,been,spawned,at,point:,51,270,,
1448027831,goblin,15473,has,been,spawned,at,point:,51,272,,
1448027831,goblin,16446,has,been,spawned,at,point:,54,260,,
1448027831,goblin,16447,has,been,spawned,at,point:,54,263,,
1448027831,goblin,16448,has,been,spawned,at,point:,53,262,,
1448027831,goblin,16449,has,been,spawned,at,point:,49,261,,
1448027831,goblin,16450,has,been,spawned,at,point:,52,260,,
1448027831,goblin,16451,has,been,spawned,at,point:,55,261,,
1448027831,goblin,16452,has,been,spawned,at,point:,49,262,,
1448027831,goblin,16453,has,been,spawned,at,point:,53,258,,
1448027831,goblin,16454,has,been,spawned,at,point:,56,259,,
1448027831,goblin,16455,has,been,spawned,at,point:,56,262,,
1448027831,goblin,16456,has,been,spawned,at,point:,51,261,,
1448027831,goblin,16457,has,been,spawned,at,point:,52,259,,
1448027831,goblin,16458,has,been,spawned,at,point:,49,262,,
1448027831,goblin,16459,has,been,spawned,at,point:,49,259,,
1448027831,goblin,16460,has,been,spawned,at,point:,55,263,,
1448027831,goblin,16461,has,been,spawned,at,point:,56,262,,
1448027831,goblin,16462,has,been,spawned,at,point:,50,258,,
1448027831,goblin,16463,has,been,spawned,at,point:,51,261,,
1448027831,rat,17236,has,been,spawned,at,point:,15,245,,
1448027831,rat,17237,has,been,spawned,at,point:,12,245,,
1448027831,rat,17238,has,been,spawned,at,point:,13,243,,
1448027831,rat,17239,has,been,spawned,at,point:,9,249,,
1448027831,rat,17240,has,been,spawned,at,point:,13,246,,
1448027831,rat,17241,has,been,spawned,at,point:,9,252,,
1448027831,rat,17242,has,been,spawned,at,point:,9,246,,
1448027832,rat,17243,has,been,spawned,at,point:,11,250,,
1448027832,rat,17244,has,been,spawned,at,point:,9,245,,
1448027832,rat,17245,has,been,spawned,at,point:,7,246,,
1448027832,rat,17246,has,been,spawned,at,point:,6,248,,
1448027832,rat,17247,has,been,spawned,at,point:,11,247,,
1448027832,rat,17248,has,been,spawned,at,point:,11,248,,
1448027832,rat,18261,has,been,spawned,at,point:,67,228,,
1448027832,rat,18262,has,been,spawned,at,point:,68,225,,
1448027832,rat,18263,has,been,spawned,at,point:,73,221,,
1448027832,rat,18264,has,been,spawned,at,point:,70,225,,
1448027832,rat,18265,has,been,spawned,at,point:,66,225,,
1448027832,rat,18266,has,been,spawned,at,point:,66,228,,
1448027832,rat,18267,has,been,spawned,at,point:,72,223,,
1448027832,rat,18268,has,been,spawned,at,point:,72,227,,
1448027832,rat,18269,has,been,spawned,at,point:,74,226,,
1448027832,rat,18270,has,been,spawned,at,point:,66,227,,
1448027832,rat,18271,has,been,spawned,at,point:,71,227,,
1448027832,rat,18272,has,been,spawned,at,point:,66,225,,
1448027832,rat,18273,has,been,spawned,at,point:,68,224,,
1448027832,rat,18274,has,been,spawned,at,point:,76,221,,
1448027832,rat,18275,has,been,spawned,at,point:,66,228,,
1448027832,rat,18276,has,been,spawned,at,point:,68,223,,
1448027832,rat,18277,has,been,spawned,at,point:,67,227,,
1448027832,rat,18274,has,died,of,old,age,at,point:46,210,
1448027833,rat,10232,has,died,of,old,age,at,point:7,228,
1448027833,rat,10234,has,died,of,old,age,at,point:12,206,
1448027833,goblin,15440,has,died,of,old,age,at,point:31,222,
1448027833,goblin,15443,has,died,of,old,age,at,point:45,214,
1448027833,goblin,15450,has,died,of,old,age,at,point:44,210,
1448027833,goblin,15452,has,died,of,old,age,at,point:31,223,
1448027833,goblin,15455,has,died,of,old,age,at,point:45,211,
1448027833,goblin,15458,has,died,of,old,age,at,point:14,229,
1448027833,goblin,16453,has,died,of,old,age,at,point:39,208,
1448027833,goblin,16454,has,died,of,old,age,at,point:50,263,
1448027833,goblin,16464,has,died,of,old,age,at,point:51,218,
1448027833,rat,17234,has,died,of,old,age,at,point:15,227,
1448027833,rat,17236,has,died,of,old,age,at,point:14,250,
1448027833,rat,18257,has,died,of,old,age,at,point:73,227,
1448027833,rat,18258,has,died,of,old,age,at,point:21,154,
1448027833,rat,18260,has,died,of,old,age,at,point:14,225,
1448027833,rat,18261,has,died,of,old,age,at,point:22,223,
1448027833,rat,18268,has,died,of,old,age,at,point:11,212,
1448027833,rat,18269,has,died,of,old,age,at,point:21,153,
1448027834,rat,10235,has,died,of,old,age,at,point:18,208,
1448027834,goblin,15441,has,died,of,old,age,at,point:51,219,
1448027834,goblin,15444,has,died,of,old,age,at,point:6,227,
1448027834,goblin,15446,has,died,of,old,age,at,point:16,213,
1448027834,goblin,15453,has,died,of,old,age,at,point:32,220,
1448027834,goblin,15454,has,died,of,old,age,at,point:22,213,
1448027834,goblin,15456,has,died,of,old,age,at,point:32,226,
1448027834,goblin,16451,has,died,of,old,age,at,point:21,157,
1448027834,goblin,16460,has,died,of,old,age,at,point:56,259,
1448027834,goblin,16465,has,died,of,old,age,at,point:38,226,
1448027834,goblin,16467,has,died,of,old,age,at,point:44,226,
1448027834,goblin,16468,has,died,of,old,age,at,point:49,259,
1448027834,rat,17232,has,died,of,old,age,at,point:22,155,
1448027834,rat,17235,has,died,of,old,age,at,point:18,229,
1448027834,rat,17237,has,died,of,old,age,at,point:28,156,
1448027834,rat,18262,has,died,of,old,age,at,point:51,225,
1448027834,rat,18264,has,died,of,old,age,at,point:43,221,
1448027834,rat,18267,has,died,of,old,age,at,point:66,225,
1448027834,rat,18274,has,died,of,old,age,at,point:22,207,
1448027834,rat,18275,has,died,of,old,age,at,point:48,213,
1448027835,rat,10238,has,died,of,old,age,at,point:27,155,
1448027835,goblin,15442,has,died,of,old,age,at,point:43,221,
1448027835,goblin,15445,has,died,of,old,age,at,point:17,223,
1448027835,goblin,15447,has,died,of,old,age,at,point:48,275,
1448027835,goblin,15451,has,died,of,old,age,at,point:47,212,
1448027835,goblin,16459,has,died,of,old,age,at,point:15,157,
1448027835,goblin,16462,has,died,of,old,age,at,point:28,156,
1448027835,goblin,16463,has,died,of,old,age,at,point:21,157,
1448027835,goblin,16466,has,died,of,old,age,at,point:20,213,
1448027835,goblin,16469,has,died,of,old,age,at,point:16,212,
1448027835,rat,17234,has,died,of,old,age,at,point:13,246,
1448027835,rat,17240,has,died,of,old,age,at,point:8,249,
1448027835,rat,17242,has,died,of,old,age,at,point:47,220,
1448027835,rat,18259,has,died,of,old,age,at,point:17,156,
1448027835,rat,18263,has,died,of,old,age,at,point:39,219,
1448027835,rat,18272,has,died,of,old,age,at,point:48,214,
1448027836,goblin,16461,has,died,of,old,age,at,point:22,227,
1448027836,rat,17238,has,died,of,old,age,at,point:52,224,
1448027836,rat,18266,has,died,of,old,age,at,point:43,209,
1448027836,rat,18271,has,died,of,old,age,at,point:16,154,
1448027836,rat,18273,has,died,of,old,age,at,point:72,224,
1448027836,rat,18276,has,died,of,old,age,at,point:7,227,
1448027837,rat,10236,has,died,of,old,age,at,point:50,222,
1448027837,goblin,16457,has,died,of,old,age,at,point:22,154,
1448027837,goblin,16458,has,died,of,old,age,at,point:9,227,
1448027837,rat,17241,has,died,of,old,age,at,point:12,229,
1448027837,rat,18270,has,died,of,old,age,at,point:33,228,
1448027838,goblin,15448,has,died,of,old,age,at,point:52,274,
1448027838,goblin,16456,has,died,of,old,age,at,point:19,225,
1448027838,rat,17239,has,died,of,old,age,at,point:39,228,
1448027839,rat,10237,has,died,of,old,age,at,point:50,224,
1448027839,goblin,16455,has,died,of,old,age,at,point:45,207,
1448027839,rat,18265,has,died,of,old,age,at,point:7,225,
1448027840,goblin,15449,has,died,of,old,age,at,point:45,207,
1448027841,rat,10232,has,starved,to,death,at,point:,25,155,
1448027842,goblin,15457,has,died,of,old,age,at,point:10,212,
1448027842,rat,10221,has,been,spawned,at,point:,14,208,,
1448027842,rat,10222,has,been,spawned,at,point:,10,209,,
1448027842,rat,10223,has,been,spawned,at,point:,23,212,,
1448027842,rat,10224,has,been,spawned,at,point:,10,210,,
1448027842,rat,10225,has,been,spawned,at,point:,17,211,,
1448027842,rat,10226,has,been,spawned,at,point:,13,206,,
1448027842,rat,10227,has,been,spawned,at,point:,22,213,,
1448027842,goblin,15455,has,been,spawned,at,point:,53,274,,
1448027842,goblin,15456,has,been,spawned,at,point:,47,274,,
1448027842,goblin,15457,has,been,spawned,at,point:,53,273,,
1448027842,goblin,15458,has,been,spawned,at,point:,50,273,,
1448027842,goblin,15459,has,been,spawned,at,point:,47,275,,
1448027842,goblin,15460,has,been,spawned,at,point:,51,274,,
1448027842,goblin,15461,has,been,spawned,at,point:,47,274,,
1448027842,goblin,15462,has,been,spawned,at,point:,51,272,,
1448027842,goblin,15463,has,been,spawned,at,point:,51,273,,
1448027842,goblin,15464,has,been,spawned,at,point:,51,272,,
1448027842,goblin,15465,has,been,spawned,at,point:,53,274,,
1448027842,goblin,15466,has,been,spawned,at,point:,51,270,,
1448027842,goblin,15467,has,been,spawned,at,point:,54,273,,
1448027842,goblin,16446,has,been,spawned,at,point:,52,258,,
1448027842,goblin,16447,has,been,spawned,at,point:,56,262,,
1448027842,goblin,16448,has,been,spawned,at,point:,49,261,,
1448027842,goblin,16449,has,been,spawned,at,point:,52,263,,
1448027842,goblin,16450,has,been,spawned,at,point:,55,263,,
1448027842,goblin,16451,has,been,spawned,at,point:,52,263,,
1448027842,goblin,16452,has,been,spawned,at,point:,49,258,,
1448027842,goblin,16453,has,been,spawned,at,point:,53,259,,
1448027842,goblin,16454,has,been,spawned,at,point:,54,262,,
1448027842,rat,17238,has,been,spawned,at,point:,13,247,,
1448027842,rat,17239,has,been,spawned,at,point:,10,250,,
1448027842,rat,17240,has,been,spawned,at,point:,12,244,,
1448027842,rat,17241,has,been,spawned,at,point:,6,251,,
1448027842,rat,17242,has,been,spawned,at,point:,11,245,,
1448027842,rat,17243,has,been,spawned,at,point:,9,245,,
1448027842,rat,17244,has,been,spawned,at,point:,14,251,,
1448027842,rat,17245,has,been,spawned,at,point:,13,247,,
1448027842,rat,17246,has,been,spawned,at,point:,9,247,,
1448027842,rat,17247,has,been,spawned,at,point:,10,245,,
1448027842,rat,17248,has,been,spawned,at,point:,14,247,,
1448027842,rat,17249,has,been,spawned,at,point:,10,245,,
1448027843,rat,17250,has,been,spawned,at,point:,10,247,,
1448027843,rat,17251,has,been,spawned,at,point:,13,249,,
1448027843,rat,17252,has,been,spawned,at,point:,14,245,,
1448027843,rat,17253,has,been,spawned,at,point:,13,248,,
1448027843,rat,17254,has,been,spawned,at,point:,13,246,,
1448027843,rat,18257,has,been,spawned,at,point:,67,221,,
1448027843,rat,18258,has,been,spawned,at,point:,76,221,,
1448027843,rat,18259,has,been,spawned,at,point:,71,221,,
1448027843,rat,18260,has,been,spawned,at,point:,71,221,,
1448027843,rat,18261,has,been,spawned,at,point:,69,224,,
1448027843,rat,18262,has,been,spawned,at,point:,74,221,,
1448027843,rat,18263,has,been,spawned,at,point:,66,221,,
1448027843,rat,18264,has,been,spawned,at,point:,68,225,,
1448027843,rat,18265,has,been,spawned,at,point:,75,226,,
1448027843,rat,18266,has,been,spawned,at,point:,71,226,,
1448027843,rat,18267,has,been,spawned,at,point:,71,226,,
1448027843,rat,18268,has,been,spawned,at,point:,67,223,,
1448027843,rat,18269,has,been,spawned,at,point:,70,225,,
1448027843,rat,18270,has,been,spawned,at,point:,76,225,,
1448027843,rat,18271,has,been,spawned,at,point:,66,228,,
1448027843,rat,18272,has,been,spawned,at,point:,68,221,,
1448027843,rat,18273,has,been,spawned,at,point:,66,228,,
1448027843,rat,18274,has,been,spawned,at,point:,67,226,,
1448027843,rat,18275,has,been,spawned,at,point:,74,222,,
1448027843,rat,18276,has,been,spawned,at,point:,74,224,,
1448027843,rat,18277,has,been,spawned,at,point:,66,221,,
1448027844,rat,10230,has,died,of,old,age,at,point:50,226,
1448027844,rat,10234,has,died,of,old,age,at,point:18,155,
1448027844,rat,10236,has,died,of,old,age,at,point:7,227,
1448027844,rat,10237,has,died,of,old,age,at,point:48,211,
1448027844,goblin,15447,has,died,of,old,age,at,point:39,211,
1448027844,goblin,15448,has,died,of,old,age,at,point:20,206,
1448027844,goblin,15452,has,died,of,old,age,at,point:46,225,
1448027844,goblin,15453,has,died,of,old,age,at,point:55,271,
1448027844,goblin,16459,has,died,of,old,age,at,point:13,212,
1448027844,goblin,16464,has,died,of,old,age,at,point:47,206,
1448027844,rat,17233,has,died,of,old,age,at,point:40,225,
1448027844,rat,17237,has,died,of,old,age,at,point:50,222,
1448027844,rat,17238,has,died,of,old,age,at,point:39,216,
1448027844,rat,17241,has,died,of,old,age,at,point:39,207,
1448027844,rat,18259,has,died,of,old,age,at,point:43,210,
1448027844,rat,18267,has,died,of,old,age,at,point:22,155,
1448027844,rat,18276,has,died,of,old,age,at,point:71,225,
1448027844,rat,18277,has,died,of,old,age,at,point:17,154,
1448027845,rat,10235,has,died,of,old,age,at,point:12,224,
1448027845,goblin,15450,has,died,of,old,age,at,point:10,211,
1448027845,goblin,15457,has,died,of,old,age,at,point:24,153,
1448027845,goblin,16460,has,died,of,old,age,at,point:18,155,
1448027845,goblin,16462,has,died,of,old,age,at,point:20,211,
1448027845,goblin,16463,has,died,of,old,age,at,point:43,212,
1448027845,goblin,16465,has,died,of,old,age,at,point:43,226,
1448027845,rat,17232,has,died,of,old,age,at,point:14,154,
1448027845,rat,17235,has,died,of,old,age,at,point:18,210,
1448027845,rat,17239,has,died,of,old,age,at,point:17,213,
1448027845,rat,18258,has,died,of,old,age,at,point:76,223,
1448027845,rat,18262,has,died,of,old,age,at,point:74,226,
1448027845,rat,18263,has,died,of,old,age,at,point:43,225,
1448027845,rat,18268,has,died,of,old,age,at,point:67,221,
1448027845,rat,18269,has,died,of,old,age,at,point:20,155,
1448027845,rat,18272,has,died,of,old,age,at,point:7,228,
1448027845,rat,18279,has,died,of,old,age,at,point:70,221,
1448027846,goblin,15446,has,died,of,old,age,at,point:23,206,
1448027846,goblin,15454,has,died,of,old,age,at,point:47,274,
1448027846,goblin,16461,has,died,of,old,age,at,point:51,260,
1448027846,goblin,16466,has,died,of,old,age,at,point:33,224,
1448027846,rat,18260,has,died,of,old,age,at,point:18,209,
1448027846,rat,18265,has,died,of,old,age,at,point:46,215,
1448027846,rat,18271,has,died,of,old,age,at,point:10,214,
1448027847,goblin,15451,has,died,of,old,age,at,point:21,210,
1448027847,goblin,15455,has,died,of,old,age,at,point:25,155,
1448027847,goblin,16458,has,died,of,old,age,at,point:39,218,
1448027847,rat,17234,has,died,of,old,age,at,point:10,208,
1448027847,rat,18275,has,died,of,old,age,at,point:45,216,
1448027848,goblin,15458,has,died,of,old,age,at,point:34,226,
1448027848,goblin,16456,has,died,of,old,age,at,point:39,218,
1448027848,rat,17231,has,died,of,old,age,at,point:14,244,
1448027848,rat,17236,has,died,of,old,age,at,point:40,208,
1448027848,rat,17240,has,died,of,old,age,at,point:13,247,
1448027848,rat,18266,has,died,of,old,age,at,point:49,219,
1448027848,rat,18270,has,died,of,old,age,at,point:37,228,
1448027849,rat,10231,has,died,of,old,age,at,point:9,227,
1448027849,goblin,15449,has,died,of,old,age,at,point:48,219,
1448027849,goblin,15459,has,died,of,old,age,at,point:22,226,
1448027849,rat,18273,has,died,of,old,age,at,point:66,223,
1448027850,rat,10233,has,died,of,old,age,at,point:11,210,
1448027850,rat,17233,has,died,of,old,age,at,point:6,223,
1448027850,rat,18261,has,died,of,old,age,at,point:39,216,
1448027850,rat,18264,has,died,of,old,age,at,point:73,226,
1448027850,rat,18274,has,died,of,old,age,at,point:45,209,
1448027851,goblin,16457,has,died,of,old,age,at,point:14,214,
1448027851,rat,18278,has,died,of,old,age,at,point:27,156,
1448027853,rat,10221,has,been,spawned,at,point:,17,213,,
1448027853,rat,10222,has,been,spawned,at,point:,22,208,,
1448027853,rat,10223,has,been,spawned,at,point:,11,211,,
1448027853,rat,10224,has,been,spawned,at,point:,14,214,,
1448027853,rat,10225,has,been,spawned,at,point:,21,211,,
1448027853,rat,10226,has,been,spawned,at,point:,16,213,,
1448027853,rat,10227,has,been,spawned,at,point:,16,211,,
1448027853,rat,10228,has,been,spawned,at,point:,13,207,,
1448027853,rat,10229,has,been,spawned,at,point:,23,211,,
1448027853,goblin,15455,has,been,spawned,at,point:,56,275,,
1448027853,goblin,15456,has,been,spawned,at,point:,49,270,,
1448027853,goblin,15457,has,been,spawned,at,point:,56,275,,
1448027853,goblin,15458,has,been,spawned,at,point:,55,276,,
1448027853,goblin,15459,has,been,spawned,at,point:,48,276,,
1448027853,goblin,15460,has,been,spawned,at,point:,50,276,,
1448027853,goblin,15461,has,been,spawned,at,point:,55,273,,
1448027853,goblin,15462,has,been,spawned,at,point:,49,271,,
1448027853,goblin,15463,has,been,spawned,at,point:,47,270,,
1448027853,goblin,15464,has,been,spawned,at,point:,47,270,,
1448027853,goblin,15465,has,been,spawned,at,point:,49,273,,
1448027853,goblin,15466,has,been,spawned,at,point:,52,274,,
1448027853,goblin,15467,has,been,spawned,at,point:,54,270,,
1448027853,goblin,15468,has,been,spawned,at,point:,54,274,,
1448027853,goblin,15469,has,been,spawned,at,point:,54,271,,
1448027853,goblin,15470,has,been,spawned,at,point:,55,274,,
1448027853,goblin,15471,has,been,spawned,at,point:,49,271,,
1448027853,goblin,15472,has,been,spawned,at,point:,56,274,,
1448027853,goblin,15473,has,been,spawned,at,point:,49,273,,
1448027853,goblin,16444,has,been,spawned,at,point:,49,259,,
1448027853,goblin,16445,has,been,spawned,at,point:,56,263,,
1448027853,goblin,16446,has,been,spawned,at,point:,50,258,,
1448027853,goblin,16447,has,been,spawned,at,point:,50,258,,
1448027853,goblin,16448,has,been,spawned,at,point:,49,262,,
1448027853,goblin,16449,has,been,spawned,at,point:,51,260,,
1448027853,goblin,16450,has,been,spawned,at,point:,53,261,,
1448027853,goblin,16451,has,been,spawned,at,point:,55,261,,
1448027853,goblin,16452,has,been,spawned,at,point:,54,259,,
1448027853,goblin,16453,has,been,spawned,at,point:,49,262,,
1448027853,goblin,16454,has,been,spawned,at,point:,49,259,,
1448027853,rat,17243,has,been,spawned,at,point:,15,247,,
1448027853,rat,17244,has,been,spawned,at,point:,13,246,,
1448027853,rat,17245,has,been,spawned,at,point:,14,243,,
1448027853,rat,17246,has,been,spawned,at,point:,15,250,,
1448027853,rat,17247,has,been,spawned,at,point:,13,245,,
1448027853,rat,17248,has,been,spawned,at,point:,13,252,,
1448027853,rat,17249,has,been,spawned,at,point:,9,252,,
1448027853,rat,17250,has,been,spawned,at,point:,6,252,,
1448027853,rat,17251,has,been,spawned,at,point:,7,243,,
1448027853,rat,17252,has,been,spawned,at,point:,14,246,,
1448027853,rat,17253,has,been,spawned,at,point:,7,249,,
1448027853,rat,17254,has,been,spawned,at,point:,14,245,,
1448027854,rat,17255,has,been,spawned,at,point:,14,248,,
1448027854,rat,17256,has,been,spawned,at,point:,13,247,,
1448027854,rat,18256,has,been,spawned,at,point:,71,223,,
1448027854,rat,18257,has,been,spawned,at,point:,70,228,,
1448027854,rat,18258,has,been,spawned,at,point:,66,228,,
1448027854,rat,18259,has,been,spawned,at,point:,76,221,,
1448027854,rat,18260,has,been,spawned,at,point:,76,222,,
1448027854,rat,18261,has,been,spawned,at,point:,66,226,,
1448027854,rat,18262,has,been,spawned,at,point:,74,227,,
1448027854,rat,18263,has,been,spawned,at,point:,76,227,,
1448027854,rat,18264,has,been,spawned,at,point:,68,224,,
1448027854,rat,18265,has,been,spawned,at,point:,70,223,,
1448027854,rat,18266,has,been,spawned,at,point:,67,221,,
1448027854,rat,18267,has,been,spawned,at,point:,68,228,,
1448027854,rat,18268,has,been,spawned,at,point:,70,221,,
1448027854,rat,18269,has,been,spawned,at,point:,68,225,,
1448027854,rat,18270,has,been,spawned,at,point:,73,223,,
1448027854,rat,18271,has,been,spawned,at,point:,70,223,,
1448027854,rat,18272,has,been,spawned,at,point:,74,224,,
1448027854,rat,18273,has,been,spawned,at,point:,72,225,,
1448027854,rat,18274,has,been,spawned,at,point:,69,222,,
1448027854,rat,18275,has,been,spawned,at,point:,73,227,,
1448027855,rat,10227,has,died,of,old,age,at,point:13,211,
1448027855,goblin,15456,has,died,of,old,age,at,point:12,214,
1448027855,goblin,15449,has,died,of,old,age,at,point:24,157,
1448027855,goblin,15455,has,died,of,old,age,at,point:45,213,
1448027855,goblin,15460,has,died,of,old,age,at,point:14,153,
1448027855,goblin,15462,has,died,of,old,age,at,point:47,225,
1448027855,goblin,16451,has,died,of,old,age,at,point:14,155,
1448027855,goblin,16455,has,died,of,old,age,at,point:52,219,
1448027855,goblin,16457,has,died,of,old,age,at,point:22,154,
1448027855,goblin,16465,has,died,of,old,age,at,point:47,212,
1448027855,goblin,16467,has,died,of,old,age,at,point:15,210,
1448027855,rat,17234,has,died,of,old,age,at,point:14,244,
1448027855,rat,17236,has,died,of,old,age,at,point:17,156,
1448027855,rat,17241,has,died,of,old,age,at,point:20,153,
1448027855,rat,17243,has,died,of,old,age,at,point:43,215,
1448027855,rat,17245,has,died,of,old,age,at,point:48,206,
1448027855,rat,18267,has,died,of,old,age,at,point:15,214,
1448027855,rat,18271,has,died,of,old,age,at,point:66,224,
1448027855,rat,18272,has,died,of,old,age,at,point:42,228,
1448027855,rat,18278,has,died,of,old,age,at,point:68,224,
1448027855,rat,18279,has,died,of,old,age,at,point:67,226,
1448027855,rat,18283,has,died,of,old,age,at,point:73,223,
1448027856,rat,10224,has,died,of,old,age,at,point:14,153,
1448027856,rat,10230,has,died,of,old,age,at,point:47,211,
1448027856,rat,10231,has,died,of,old,age,at,point:25,156,
1448027856,goblin,15448,has,died,of,old,age,at,point:8,223,
1448027856,goblin,15451,has,died,of,old,age,at,point:33,227,
1448027856,goblin,15454,has,died,of,old,age,at,point:47,275,
1448027856,goblin,15456,has,died,of,old,age,at,point:53,274,
1448027856,goblin,15458,has,died,of,old,age,at,point:17,226,
1448027856,goblin,15459,has,died,of,old,age,at,point:52,272,
1448027856,goblin,15461,has,died,of,old,age,at,point:17,212,
1448027856,goblin,15464,has,died,of,old,age,at,point:53,274,
1448027856,goblin,16464,has,died,of,old,age,at,point:37,224,
1448027856,rat,17235,has,died,of,old,age,at,point:21,209,
1448027856,rat,17239,has,died,of,old,age,at,point:18,157,
1448027856,rat,17242,has,died,of,old,age,at,point:9,243,
1448027856,rat,17244,has,died,of,old,age,at,point:15,252,
1448027856,rat,18266,has,died,of,old,age,at,point:21,206,
1448027856,rat,18274,has,died,of,old,age,at,point:68,226,
1448027856,rat,18281,has,died,of,old,age,at,point:20,155,
1448027857,rat,10226,has,died,of,old,age,at,point:12,229,
1448027857,goblin,15446,has,died,of,old,age,at,point:13,229,
1448027857,goblin,15450,has,died,of,old,age,at,point:28,156,
1448027857,goblin,15452,has,died,of,old,age,at,point:6,226,
1448027857,goblin,15457,has,died,of,old,age,at,point:56,276,
1448027857,goblin,15463,has,died,of,old,age,at,point:11,207,
1448027857,goblin,16453,has,died,of,old,age,at,point:43,211,
1448027857,goblin,16463,has,died,of,old,age,at,point:41,207,
1448027857,goblin,16466,has,died,of,old,age,at,point:10,228,
1448027857,rat,18268,has,died,of,old,age,at,point:76,224,
1448027857,rat,18270,has,died,of,old,age,at,point:39,225,
1448027857,rat,18273,has,died,of,old,age,at,point:18,154,
1448027858,rat,10225,has,died,of,old,age,at,point:19,229,
1448027858,rat,10228,has,died,of,old,age,at,point:45,213,
1448027858,goblin,15447,has,died,of,old,age,at,point:18,154,
1448027858,goblin,15465,has,died,of,old,age,at,point:15,157,
1448027858,goblin,16456,has,died,of,old,age,at,point:54,260,
1448027858,goblin,16459,has,died,of,old,age,at,point:56,258,
1448027858,goblin,16462,has,died,of,old,age,at,point:10,207,
1448027858,rat,17237,has,died,of,old,age,at,point:8,251,
1448027858,rat,17240,has,died,of,old,age,at,point:20,154,
1448027858,rat,17246,has,died,of,old,age,at,point:22,212,
1448027858,rat,18277,has,died,of,old,age,at,point:50,223,
1448027858,rat,18282,has,died,of,old,age,at,point:10,207,
1448027859,goblin,16452,has,died,of,old,age,at,point:22,206,
1448027859,goblin,16454,has,died,of,old,age,at,point:53,260,
1448027859,goblin,16458,has,died,of,old,age,at,point:21,156,
1448027859,goblin,16460,has,died,of,old,age,at,point:11,224,
1448027859,goblin,16461,has,died,of,old,age,at,point:48,221,
1448027859,rat,17238,has,died,of,old,age,at,point:43,215,
1448027859,rat,18269,has,died,of,old,age,at,point:52,221,
1448027860,rat,10232,has,died,of,old,age,at,point:13,214,
1448027861,rat,18276,has,died,of,old,age,at,point:14,213,
1448027861,rat,18280,has,died,of,old,age,at,point:51,226,
